Tiempo(ms),RPM,pwm
9856,0.0,7864
9860,0.0,7864
9864,0.0,7864
9868,0.0,7864
9872,0.0,7864
9876,0.0,7864
9880,750.0,7864
9884,0.0,7864
9888,0.0,7864
9892,0.0,7864
9896,0.0,7864
9900,0.0,7864
9904,0.0,7864
9908,750.0,7864
9912,0.0,7864
9916,0.0,7864
9920,0.0,7864
9924,750.0,7864
9928,0.0,7864
9932,0.0,7864
9936,0.0,7864
9940,0.0,7864
9944,750.0,7864
9948,0.0,7864
9952,750.0,7864
9956,0.0,7864
9960,0.0,7864
9964,750.0,7864
9968,0.0,7864
9972,750.0,7864
9976,0.0,7864
9980,750.0,7864
9984,0.0,7864
9988,750.0,7864
9992,0.0,7864
9996,750.0,7864
10000,0.0,7864
10004,750.0,7864
10008,0.0,7864
10012,750.0,7864
10016,0.0,7864
10020,750.0,7864
10024,750.0,7864
10028,0.0,7864
10032,750.0,7864
10036,750.0,7864
10040,0.0,7864
10044,750.0,7864
10048,750.0,7864
10052,0.0,7864
10056,750.0,7864
10060,750.0,7864
10064,750.0,7864
10068,0.0,7864
10072,750.0,7864
10076,750.0,7864
10080,750.0,7864
10084,0.0,7864
10088,750.0,7864
10092,750.0,7864
10096,750.0,7864
10100,750.0,7864
10104,750.0,7864
10108,0.0,7864
10112,750.0,7864
10116,750.0,7864
10120,750.0,7864
10124,750.0,7864
10128,750.0,7864
10132,750.0,7864
10136,750.0,7864
10140,750.0,7864
10144,750.0,7864
10148,750.0,7864
10152,750.0,7864
10156,750.0,7864
10160,750.0,7864
10164,750.0,7864
10168,750.0,7864
10172,750.0,7864
10176,750.0,7864
10180,750.0,7864
10184,750.0,7864
10188,750.0,7864
10192,750.0,7864
10196,750.0,7864
10200,1500.0,7864
10204,750.0,7864
10208,750.0,7864
10212,750.0,7864
10216,750.0,7864
10220,750.0,7864
10224,750.0,7864
10228,1500.0,7864
10232,750.0,7864
10236,750.0,7864
10240,750.0,7864
10244,750.0,7864
10248,1500.0,7864
10252,750.0,7864
10256,750.0,7864
10260,750.0,7864
10264,1500.0,7864
10268,750.0,7864
10272,750.0,7864
10276,750.0,7864
10280,1500.0,7864
10284,750.0,7864
10288,750.0,7864
10292,1500.0,7864
10296,750.0,7864
10300,750.0,7864
10304,1500.0,7864
10308,750.0,7864
10312,750.0,7864
10316,1500.0,7864
10320,750.0,7864
10324,750.0,7864
10328,1500.0,7864
10332,750.0,7864
10336,1500.0,7864
10340,750.0,7864
10344,1500.0,7864
10348,750.0,7864
10352,750.0,7864
10356,1500.0,7864
10360,750.0,7864
10364,1500.0,7864
10368,750.0,7864
10372,1500.0,7864
10376,750.0,7864
10380,1500.0,7864
10384,750.0,7864
10388,1500.0,7864
10392,750.0,7864
10396,1500.0,7864
10400,750.0,7864
10404,1500.0,7864
10408,750.0,7864
10412,1500.0,7864
10416,750.0,7864
10420,1500.0,7864
10424,1500.0,7864
10428,750.0,7864
10432,1500.0,7864
10436,750.0,7864
10440,1500.0,7864
10444,1500.0,7864
10448,750.0,7864
10452,1500.0,7864
10456,1500.0,7864
10460,750.0,7864
10464,1500.0,7864
10468,750.0,7864
10472,1500.0,7864
10476,1500.0,7864
10480,750.0,7864
10484,1500.0,7864
10488,1500.0,7864
10492,1500.0,7864
10496,750.0,7864
10500,1500.0,7864
10504,1500.0,7864
10508,750.0,7864
10512,1500.0,7864
10516,1500.0,7864
10520,1500.0,7864
10524,750.0,7864
10528,1500.0,7864
10532,1500.0,7864
10536,1500.0,7864
10540,750.0,7864
10544,1500.0,7864
10548,1500.0,7864
10552,1500.0,7864
10556,750.0,7864
10560,1500.0,7864
10564,1500.0,7864
10568,1500.0,7864
10572,1500.0,7864
10576,1500.0,7864
10580,750.0,7864
10584,1500.0,7864
10588,1500.0,7864
10592,1500.0,7864
10596,1500.0,7864
10600,1500.0,7864
10604,750.0,7864
10608,1500.0,7864
10612,1500.0,7864
10616,1500.0,7864
10620,1500.0,7864
10624,1500.0,7864
10628,1500.0,7864
10632,1500.0,7864
10636,750.0,7864
10640,1500.0,7864
10644,1500.0,7864
10648,1500.0,7864
10652,1500.0,7864
10656,1500.0,7864
10660,1500.0,7864
10664,1500.0,7864
10668,1500.0,7864
10672,1500.0,7864
10676,1500.0,7864
10680,1500.0,7864
10684,1500.0,7864
10688,1500.0,7864
10692,750.0,7864
10696,1500.0,7864
10700,2250.0,7864
10704,1500.0,7864
10708,1500.0,7864
10712,1500.0,7864
10716,750.0,7864
10720,1500.0,7864
10724,1500.0,7864
10728,1500.0,7864
10732,1500.0,7864
10736,1500.0,7864
10740,2250.0,7864
10744,1500.0,7864
10748,1500.0,7864
10752,1500.0,7864
10756,1500.0,7864
10760,1500.0,7864
10764,1500.0,7864
10768,1500.0,7864
10772,1500.0,7864
10776,1500.0,7864
10780,1500.0,7864
10784,1500.0,7864
10788,1500.0,7864
10792,1500.0,7864
10796,1500.0,7864
10800,1500.0,7864
10804,1500.0,7864
10808,2250.0,7864
10812,1500.0,7864
10816,1500.0,7864
10820,1500.0,7864
10824,1500.0,7864
10828,1500.0,7864
10832,1500.0,7864
10836,1500.0,7864
10840,1500.0,7864
10844,2250.0,7864
10848,1500.0,7864
10852,1500.0,7864
10856,1500.0,7864
10860,1500.0,7864
10864,1500.0,7864
10868,2250.0,7864
10872,1500.0,7864
10876,1500.0,7864
10880,1500.0,7864
10884,1500.0,7864
10888,1500.0,7864
10892,2250.0,7864
10896,1500.0,7864
10900,1500.0,7864
10904,1500.0,7864
10908,1500.0,7864
10912,1500.0,7864
10916,2250.0,7864
10920,1500.0,7864
10924,1500.0,7864
10928,1500.0,7864
10932,1500.0,7864
10936,2250.0,7864
10940,1500.0,7864
10944,1500.0,7864
10948,1500.0,7864
10952,1500.0,7864
10956,2250.0,7864
10960,1500.0,7864
10964,1500.0,7864
10968,1500.0,7864
10972,2250.0,7864
10976,1500.0,7864
10980,1500.0,7864
10984,1500.0,7864
10988,2250.0,7864
10992,1500.0,7864
10996,1500.0,7864
11000,1500.0,7864
11004,2250.0,7864
11008,1500.0,7864
11012,1500.0,7864
11016,2250.0,7864
11020,1500.0,7864
11024,1500.0,7864
11028,1500.0,7864
11032,2250.0,7864
11036,1500.0,7864
11040,1500.0,7864
11044,2250.0,7864
11048,1500.0,7864
11052,1500.0,7864
11056,1500.0,7864
11060,2250.0,7864
11064,1500.0,7864
11068,1500.0,7864
11072,2250.0,7864
11076,1500.0,7864
11080,1500.0,7864
11084,2250.0,7864
11088,1500.0,7864
11092,1500.0,7864
11096,1500.0,7864
11100,2250.0,7864
11104,1500.0,7864
11108,2250.0,7864
11112,1500.0,7864
11116,1500.0,7864
11120,2250.0,7864
11124,1500.0,7864
11128,1500.0,7864
11132,2250.0,7864
11136,1500.0,7864
11140,1500.0,7864
11144,2250.0,7864
11148,1500.0,7864
11152,1500.0,7864
11156,2250.0,7864
11160,1500.0,7864
11164,1500.0,7864
11168,2250.0,7864
11172,1500.0,7864
11176,2250.0,7864
11180,1500.0,7864
11184,1500.0,7864
11188,2250.0,7864
11192,1500.0,7864
11196,1500.0,7864
11200,2250.0,7864
11204,1500.0,7864
11208,2250.0,7864
11212,1500.0,7864
11216,2250.0,7864
11220,1500.0,7864
11224,1500.0,7864
11228,2250.0,7864
11232,1500.0,7864
11236,2250.0,7864
11240,1500.0,7864
11244,1500.0,7864
11248,2250.0,7864
11252,1500.0,7864
11256,2250.0,7864
11260,1500.0,7864
11264,1500.0,7864
11268,2250.0,7864
11272,1500.0,7864
11276,2250.0,7864
11280,1500.0,7864
11284,2250.0,7864
11288,1500.0,7864
11292,2250.0,7864
11296,1500.0,7864
11300,1500.0,7864
11304,2250.0,7864
11308,1500.0,7864
11312,2250.0,7864
11316,1500.0,7864
11320,2250.0,7864
11324,1500.0,7864
11328,2250.0,7864
11332,1500.0,7864
11336,2250.0,7864
11340,1500.0,7864
11344,2250.0,7864
11348,1500.0,7864
11352,2250.0,7864
11356,1500.0,7864
11360,1500.0,7864
11364,2250.0,7864
11368,1500.0,7864
11372,2250.0,7864
11376,1500.0,7864
11380,2250.0,7864
11384,1500.0,7864
11388,2250.0,7864
11392,1500.0,7864
11396,2250.0,7864
11400,1500.0,7864
11404,2250.0,7864
11408,1500.0,7864
11412,2250.0,7864
11416,1500.0,7864
11420,2250.0,7864
11424,1500.0,7864
11428,2250.0,7864
11432,1500.0,7864
11436,2250.0,7864
11440,1500.0,7864
11444,2250.0,7864
11448,1500.0,7864
11452,2250.0,7864
11456,1500.0,7864
11460,2250.0,7864
11464,1500.0,7864
11468,2250.0,7864
11472,2250.0,7864
11476,1500.0,7864
11480,2250.0,7864
11484,1500.0,7864
11488,2250.0,7864
11492,1500.0,7864
11496,2250.0,7864
11500,1500.0,7864
11504,2250.0,7864
11508,1500.0,7864
11512,2250.0,7864
11516,1500.0,7864
11520,2250.0,7864
11524,1500.0,7864
11528,2250.0,7864
11532,2250.0,7864
11536,1500.0,7864
11540,2250.0,7864
11544,1500.0,7864
11548,2250.0,7864
11552,1500.0,7864
11556,2250.0,7864
11560,1500.0,7864
11564,2250.0,7864
11568,1500.0,7864
11572,2250.0,7864
11576,1500.0,7864
11580,2250.0,7864
11584,1500.0,7864
11588,2250.0,7864
11592,2250.0,7864
11596,1500.0,7864
11600,2250.0,7864
11604,1500.0,7864
11608,2250.0,7864
11612,1500.0,7864
11616,2250.0,7864
11620,1500.0,7864
11624,2250.0,7864
11628,2250.0,7864
11632,1500.0,7864
11636,2250.0,7864
11640,1500.0,7864
11644,2250.0,7864
11648,1500.0,7864
11652,2250.0,7864
11656,2250.0,7864
11660,1500.0,7864
11664,2250.0,7864
11668,1500.0,7864
11672,2250.0,7864
11676,1500.0,7864
11680,2250.0,7864
11684,1500.0,7864
11688,2250.0,7864
11692,2250.0,7864
11696,1500.0,7864
11700,2250.0,7864
11704,1500.0,7864
11708,2250.0,7864
11712,1500.0,7864
11716,2250.0,7864
11720,2250.0,7864
11724,1500.0,7864
11728,2250.0,7864
11732,1500.0,7864
11736,2250.0,7864
11740,1500.0,7864
11744,2250.0,7864
11748,2250.0,7864
11752,1500.0,7864
11756,2250.0,7864
11760,1500.0,7864
11764,2250.0,7864
11768,1500.0,7864
11772,2250.0,7864
11776,2250.0,7864
11780,1500.0,7864
11784,2250.0,7864
11788,2250.0,7864
11792,1500.0,7864
11796,2250.0,7864
11800,1500.0,7864
11804,2250.0,7864
11808,1500.0,7864
11812,2250.0,7864
11816,2250.0,7864
11820,1500.0,7864
11824,2250.0,7864
11828,1500.0,7864
11832,2250.0,7864
11836,2250.0,7864
11840,1500.0,7864
11844,2250.0,7864
11848,1500.0,7864
11852,2250.0,7864
11856,2250.0,10801
11860,1500.0,10801
11864,2250.0,10801
11868,2250.0,10801
11872,1500.0,10801
11876,2250.0,10801
11880,2250.0,10801
11884,1500.0,10801
11888,2250.0,10801
11892,2250.0,10801
11896,2250.0,10801
11900,2250.0,10801
11904,2250.0,10801
11908,1500.0,10801
11912,2250.0,10801
11916,2250.0,10801
11920,2250.0,10801
11924,2250.0,10801
11928,2250.0,10801
11932,2250.0,10801
11936,2250.0,10801
11940,2250.0,10801
11944,2250.0,10801
11948,2250.0,10801
11952,2250.0,10801
11956,2250.0,10801
11960,2250.0,10801
11964,2250.0,10801
11968,2250.0,10801
11972,2250.0,10801
11976,3000.0,10801
11980,2250.0,10801
11984,2250.0,10801
11988,2250.0,10801
11992,2250.0,10801
11996,3000.0,10801
12000,2250.0,10801
12004,2250.0,10801
12008,2250.0,10801
12012,3000.0,10801
12016,2250.0,10801
12020,2250.0,10801
12024,3000.0,10801
12028,2250.0,10801
12032,2250.0,10801
12036,3000.0,10801
12040,2250.0,10801
12044,2250.0,10801
12048,3000.0,10801
12052,2250.0,10801
12056,3000.0,10801
12060,2250.0,10801
12064,3000.0,10801
12068,2250.0,10801
12072,3000.0,10801
12076,2250.0,10801
12080,3000.0,10801
12084,2250.0,10801
12088,3000.0,10801
12092,2250.0,10801
12096,3000.0,10801
12100,3000.0,10801
12104,2250.0,10801
12108,3000.0,10801
12112,2250.0,10801
12116,3000.0,10801
12120,3000.0,10801
12124,3000.0,10801
12128,2250.0,10801
12132,3000.0,10801
12136,3000.0,10801
12140,2250.0,10801
12144,3000.0,10801
12148,3000.0,10801
12152,3000.0,10801
12156,3000.0,10801
12160,2250.0,10801
12164,3000.0,10801
12168,3000.0,10801
12172,3000.0,10801
12176,3000.0,10801
12180,3000.0,10801
12184,3000.0,10801
12188,3000.0,10801
12192,3000.0,10801
12196,2250.0,10801
12200,3000.0,10801
12204,3000.0,10801
12208,3000.0,10801
12212,3000.0,10801
12216,3000.0,10801
12220,3000.0,10801
12224,3000.0,10801
12228,3750.0,10801
12232,3000.0,10801
12236,3000.0,10801
12240,3000.0,10801
12244,3000.0,10801
12248,3000.0,10801
12252,3000.0,10801
12256,3000.0,10801
12260,3000.0,10801
12264,3750.0,10801
12268,3000.0,10801
12272,3000.0,10801
12276,3000.0,10801
12280,3000.0,10801
12284,3750.0,10801
12288,3000.0,10801
12292,3000.0,10801
12296,3000.0,10801
12300,3750.0,10801
12304,3000.0,10801
12308,3000.0,10801
12312,3000.0,10801
12316,3750.0,10801
12320,3000.0,10801
12324,3750.0,10801
12328,3000.0,10801
12332,3000.0,10801
12336,3750.0,10801
12340,3000.0,10801
12344,3000.0,10801
12348,3750.0,10801
12352,3000.0,10801
12356,3750.0,10801
12360,3000.0,10801
12364,3750.0,10801
12368,3000.0,10801
12372,3750.0,10801
12376,3000.0,10801
12380,3750.0,10801
12384,3000.0,10801
12388,3750.0,10801
12392,3000.0,10801
12396,3750.0,10801
12400,3000.0,10801
12404,3750.0,10801
12408,3750.0,10801
12412,3000.0,10801
12416,3750.0,10801
12420,3000.0,10801
12424,3750.0,10801
12428,3750.0,10801
12432,3000.0,10801
12436,3750.0,10801
12440,3750.0,10801
12444,3000.0,10801
12448,3750.0,10801
12452,3750.0,10801
12456,3000.0,10801
12460,3750.0,10801
12464,3750.0,10801
12468,3750.0,10801
12472,3000.0,10801
12476,3750.0,10801
12480,3750.0,10801
12484,3750.0,10801
12488,3750.0,10801
12492,3000.0,10801
12496,3750.0,10801
12500,3750.0,10801
12504,3750.0,10801
12508,3750.0,10801
12512,3750.0,10801
12516,3000.0,10801
12520,3750.0,10801
12524,3750.0,10801
12528,3750.0,10801
12532,3750.0,10801
12536,3750.0,10801
12540,3750.0,10801
12544,3750.0,10801
12548,3750.0,10801
12552,3000.0,10801
12556,3750.0,10801
12560,3750.0,10801
12564,3750.0,10801
12568,3750.0,10801
12572,3750.0,10801
12576,3750.0,10801
12580,3750.0,10801
12584,3750.0,10801
12588,3750.0,10801
12592,3750.0,10801
12596,3750.0,10801
12600,3750.0,10801
12604,3750.0,10801
12608,4500.0,10801
12612,3750.0,10801
12616,3750.0,10801
12620,3750.0,10801
12624,3750.0,10801
12628,3750.0,10801
12632,3750.0,10801
12636,3750.0,10801
12640,3750.0,10801
12644,3750.0,10801
12648,4500.0,10801
12652,3750.0,10801
12656,3750.0,10801
12660,3750.0,10801
12664,3750.0,10801
12668,3750.0,10801
12672,4500.0,10801
12676,3750.0,10801
12680,3750.0,10801
12684,3750.0,10801
12688,3750.0,10801
12692,4500.0,10801
12696,3750.0,10801
12700,3750.0,10801
12704,3750.0,10801
12708,4500.0,10801
12712,3750.0,10801
12716,3750.0,10801
12720,4500.0,10801
12724,3750.0,10801
12728,3750.0,10801
12732,3750.0,10801
12736,4500.0,10801
12740,3750.0,10801
12744,3750.0,10801
12748,4500.0,10801
12752,3750.0,10801
12756,3750.0,10801
12760,4500.0,10801
12764,3750.0,10801
12768,3750.0,10801
12772,4500.0,10801
12776,3750.0,10801
12780,4500.0,10801
12784,3750.0,10801
12788,3750.0,10801
12792,4500.0,10801
12796,3750.0,10801
12800,3750.0,10801
12804,4500.0,10801
12808,3750.0,10801
12812,4500.0,10801
12816,3750.0,10801
12820,4500.0,10801
12824,3750.0,10801
12828,4500.0,10801
12832,3750.0,10801
12836,4500.0,10801
12840,3750.0,10801
12844,3750.0,10801
12848,4500.0,10801
12852,4500.0,10801
12856,3750.0,10801
12860,3750.0,10801
12864,4500.0,10801
12868,4500.0,10801
12872,3750.0,10801
12876,4500.0,10801
12880,3750.0,10801
12884,4500.0,10801
12888,3750.0,10801
12892,4500.0,10801
12896,3750.0,10801
12900,4500.0,10801
12904,4500.0,10801
12908,3750.0,10801
12912,4500.0,10801
12916,3750.0,10801
12920,4500.0,10801
12924,4500.0,10801
12928,3750.0,10801
12932,4500.0,10801
12936,3750.0,10801
12940,4500.0,10801
12944,4500.0,10801
12948,3750.0,10801
12952,4500.0,10801
12956,4500.0,10801
12960,3750.0,10801
12964,4500.0,10801
12968,4500.0,10801
12972,3750.0,10801
12976,4500.0,10801
12980,4500.0,10801
12984,3750.0,10801
12988,4500.0,10801
12992,4500.0,10801
12996,4500.0,10801
13000,3750.0,10801
13004,4500.0,10801
13008,4500.0,10801
13012,4500.0,10801
13016,3750.0,10801
13020,4500.0,10801
13024,4500.0,10801
13028,4500.0,10801
13032,3750.0,10801
13036,4500.0,10801
13040,4500.0,10801
13044,4500.0,10801
13048,4500.0,10801
13052,3750.0,10801
13056,4500.0,10801
13060,4500.0,10801
13064,4500.0,10801
13068,3750.0,10801
13072,4500.0,10801
13076,4500.0,10801
13080,4500.0,10801
13084,4500.0,10801
13088,4500.0,10801
13092,4500.0,10801
13096,3750.0,10801
13100,4500.0,10801
13104,4500.0,10801
13108,4500.0,10801
13112,4500.0,10801
13116,4500.0,10801
13120,4500.0,10801
13124,3750.0,10801
13128,4500.0,10801
13132,4500.0,10801
13136,4500.0,10801
13140,4500.0,10801
13144,4500.0,10801
13148,4500.0,10801
13152,4500.0,10801
13156,4500.0,10801
13160,4500.0,10801
13164,4500.0,10801
13168,3750.0,10801
13172,4500.0,10801
13176,4500.0,10801
13180,4500.0,10801
13184,4500.0,10801
13188,4500.0,10801
13192,4500.0,10801
13196,4500.0,10801
13200,4500.0,10801
13204,4500.0,10801
13208,4500.0,10801
13212,4500.0,10801
13216,4500.0,10801
13220,4500.0,10801
13224,4500.0,10801
13228,4500.0,10801
13232,4500.0,10801
13236,4500.0,10801
13240,4500.0,10801
13244,4500.0,10801
13248,4500.0,10801
13252,4500.0,10801
13256,4500.0,10801
13260,4500.0,10801
13264,4500.0,10801
13268,4500.0,10801
13272,4500.0,10801
13276,5250.0,10801
13280,4500.0,10801
13284,4500.0,10801
13288,4500.0,10801
13292,4500.0,10801
13296,4500.0,10801
13300,4500.0,10801
13304,4500.0,10801
13308,4500.0,10801
13312,4500.0,10801
13316,4500.0,10801
13320,4500.0,10801
13324,4500.0,10801
13328,5250.0,10801
13332,4500.0,10801
13336,4500.0,10801
13340,4500.0,10801
13344,4500.0,10801
13348,4500.0,10801
13352,4500.0,10801
13356,5250.0,10801
13360,4500.0,10801
13364,4500.0,10801
13368,4500.0,10801
13372,4500.0,10801
13376,4500.0,10801
13380,4500.0,10801
13384,5250.0,10801
13388,4500.0,10801
13392,4500.0,10801
13396,4500.0,10801
13400,4500.0,10801
13404,4500.0,10801
13408,5250.0,10801
13412,4500.0,10801
13416,4500.0,10801
13420,4500.0,10801
13424,5250.0,10801
13428,4500.0,10801
13432,4500.0,10801
13436,4500.0,10801
13440,4500.0,10801
13444,4500.0,10801
13448,5250.0,10801
13452,4500.0,10801
13456,4500.0,10801
13460,5250.0,10801
13464,4500.0,10801
13468,4500.0,10801
13472,4500.0,10801
13476,4500.0,10801
13480,5250.0,10801
13484,4500.0,10801
13488,4500.0,10801
13492,4500.0,10801
13496,5250.0,10801
13500,4500.0,10801
13504,4500.0,10801
13508,4500.0,10801
13512,5250.0,10801
13516,4500.0,10801
13520,4500.0,10801
13524,5250.0,10801
13528,4500.0,10801
13532,4500.0,10801
13536,5250.0,10801
13540,4500.0,10801
13544,4500.0,10801
13548,4500.0,10801
13552,5250.0,10801
13556,4500.0,10801
13560,4500.0,10801
13564,5250.0,10801
13568,4500.0,10801
13572,4500.0,10801
13576,5250.0,10801
13580,4500.0,10801
13584,4500.0,10801
13588,5250.0,10801
13592,4500.0,10801
13596,4500.0,10801
13600,5250.0,10801
13604,4500.0,10801
13608,4500.0,10801
13612,5250.0,10801
13616,4500.0,10801
13620,4500.0,10801
13624,5250.0,10801
13628,4500.0,10801
13632,4500.0,10801
13636,5250.0,10801
13640,4500.0,10801
13644,4500.0,10801
13648,5250.0,10801
13652,4500.0,10801
13656,5250.0,10801
13660,4500.0,10801
13664,4500.0,10801
13668,5250.0,10801
13672,4500.0,10801
13676,5250.0,10801
13680,4500.0,10801
13684,4500.0,10801
13688,5250.0,10801
13692,4500.0,10801
13696,4500.0,10801
13700,5250.0,10801
13704,4500.0,10801
13708,5250.0,10801
13712,4500.0,10801
13716,5250.0,10801
13720,4500.0,10801
13724,4500.0,10801
13728,5250.0,10801
13732,4500.0,10801
13736,5250.0,10801
13740,4500.0,10801
13744,5250.0,10801
13748,4500.0,10801
13752,5250.0,10801
13756,4500.0,10801
13760,4500.0,10801
13764,5250.0,10801
13768,4500.0,10801
13772,5250.0,10801
13776,4500.0,10801
13780,5250.0,10801
13784,4500.0,10801
13788,5250.0,10801
13792,4500.0,10801
13796,4500.0,10801
13800,5250.0,10801
13804,4500.0,10801
13808,5250.0,10801
13812,5250.0,10801
13816,4500.0,10801
13820,4500.0,10801
13824,5250.0,10801
13828,4500.0,10801
13832,5250.0,10801
13836,4500.0,10801
13840,5250.0,10801
13844,4500.0,10801
13848,5250.0,10801
13852,4500.0,10801
13856,5250.0,2937
13860,4500.0,2937
13864,5250.0,2937
13868,4500.0,2937
13872,4500.0,2937
13876,5250.0,2937
13880,4500.0,2937
13884,4500.0,2937
13888,4500.0,2937
13892,4500.0,2937
13896,4500.0,2937
13900,4500.0,2937
13904,4500.0,2937
13908,4500.0,2937
13912,4500.0,2937
13916,4500.0,2937
13920,4500.0,2937
13924,3750.0,2937
13928,4500.0,2937
13932,4500.0,2937
13936,3750.0,2937
13940,4500.0,2937
13944,4500.0,2937
13948,3750.0,2937
13952,4500.0,2937
13956,3750.0,2937
13960,4500.0,2937
13964,3750.0,2937
13968,3750.0,2937
13972,4500.0,2937
13976,3750.0,2937
13980,3750.0,2937
13984,3750.0,2937
13988,3750.0,2937
13992,3750.0,2937
13996,3750.0,2937
14000,4500.0,2937
14004,3750.0,2937
14008,3000.0,2937
14012,3750.0,2937
14016,3750.0,2937
14020,3750.0,2937
14024,3750.0,2937
14028,3750.0,2937
14032,3000.0,2937
14036,3750.0,2937
14040,3750.0,2937
14044,3000.0,2937
14048,3750.0,2937
14052,3750.0,2937
14056,3000.0,2937
14060,3000.0,2937
14064,3750.0,2937
14068,3000.0,2937
14072,3750.0,2937
14076,3000.0,2937
14080,3000.0,2937
14084,3750.0,2937
14088,3000.0,2937
14092,3000.0,2937
14096,3000.0,2937
14100,3000.0,2937
14104,3000.0,2937
14108,3000.0,2937
14112,3000.0,2937
14116,3000.0,2937
14120,3000.0,2937
14124,3000.0,2937
14128,3000.0,2937
14132,3000.0,2937
14136,3000.0,2937
14140,3000.0,2937
14144,2250.0,2937
14148,3000.0,2937
14152,3000.0,2937
14156,2250.0,2937
14160,3000.0,2937
14164,3000.0,2937
14168,2250.0,2937
14172,3000.0,2937
14176,2250.0,2937
14180,3000.0,2937
14184,2250.0,2937
14188,2250.0,2937
14192,3000.0,2937
14196,2250.0,2937
14200,3000.0,2937
14204,2250.0,2937
14208,2250.0,2937
14212,2250.0,2937
14216,2250.0,2937
14220,3000.0,2937
14224,2250.0,2937
14228,2250.0,2937
14232,2250.0,2937
14236,2250.0,2937
14240,2250.0,2937
14244,2250.0,2937
14248,2250.0,2937
14252,2250.0,2937
14256,1500.0,2937
14260,2250.0,2937
14264,2250.0,2937
14268,2250.0,2937
14272,2250.0,2937
14276,1500.0,2937
14280,2250.0,2937
14284,2250.0,2937
14288,1500.0,2937
14292,2250.0,2937
14296,1500.0,2937
14300,2250.0,2937
14304,1500.0,2937
14308,2250.0,2937
14312,1500.0,2937
14316,2250.0,2937
14320,1500.0,2937
14324,2250.0,2937
14328,1500.0,2937
14332,1500.0,2937
14336,2250.0,2937
14340,1500.0,2937
14344,1500.0,2937
14348,1500.0,2937
14352,1500.0,2937
14356,2250.0,2937
14360,1500.0,2937
14364,1500.0,2937
14368,1500.0,2937
14372,1500.0,2937
14376,1500.0,2937
14380,1500.0,2937
14384,1500.0,2937
14388,1500.0,2937
14392,1500.0,2937
14396,1500.0,2937
14400,750.0,2937
14404,1500.0,2937
14408,1500.0,2937
14412,1500.0,2937
14416,1500.0,2937
14420,750.0,2937
14424,1500.0,2937
14428,1500.0,2937
14432,750.0,2937
14436,1500.0,2937
14440,1500.0,2937
14444,750.0,2937
14448,1500.0,2937
14452,750.0,2937
14456,1500.0,2937
14460,750.0,2937
14464,1500.0,2937
14468,750.0,2937
14472,1500.0,2937
14476,750.0,2937
14480,1500.0,2937
14484,750.0,2937
14488,750.0,2937
14492,750.0,2937
14496,1500.0,2937
14500,750.0,2937
14504,750.0,2937
14508,750.0,2937
14512,1500.0,2937
14516,750.0,2937
14520,750.0,2937
14524,750.0,2937
14528,750.0,2937
14532,750.0,2937
14536,750.0,2937
14540,750.0,2937
14544,1500.0,2937
14548,750.0,2937
14552,750.0,2937
14556,0.0,2937
14560,750.0,2937
14564,750.0,2937
14568,750.0,2937
14572,750.0,2937
14576,750.0,2937
14580,750.0,2937
14584,750.0,2937
14588,0.0,2937
14592,750.0,2937
14596,750.0,2937
14600,750.0,2937
14604,0.0,2937
14608,750.0,2937
14612,750.0,2937
14616,0.0,2937
14620,750.0,2937
14624,750.0,2937
14628,0.0,2937
14632,750.0,2937
14636,750.0,2937
14640,0.0,2937
14644,750.0,2937
14648,0.0,2937
14652,750.0,2937
14656,0.0,2937
14660,750.0,2937
14664,0.0,2937
14668,750.0,2937
14672,0.0,2937
14676,750.0,2937
14680,0.0,2937
14684,0.0,2937
14688,750.0,2937
14692,0.0,2937
14696,0.0,2937
14700,750.0,2937
14704,0.0,2937
14708,0.0,2937
14712,750.0,2937
14716,0.0,2937
14720,0.0,2937
14724,0.0,2937
14728,0.0,2937
14732,750.0,2937
14736,0.0,2937
14740,0.0,2937
14744,0.0,2937
14748,750.0,2937
14752,0.0,2937
14756,0.0,2937
14760,0.0,2937
14764,0.0,2937
14768,0.0,2937
14772,0.0,2937
14776,0.0,2937
14780,1500.0,2937
14784,0.0,2937
14788,0.0,2937
14792,0.0,2937
14796,0.0,2937
14800,0.0,2937
14804,0.0,2937
14808,0.0,2937
14812,0.0,2937
14816,0.0,2937
14820,0.0,2937
14824,0.0,2937
14828,0.0,2937
14832,0.0,2937
14836,0.0,2937
14840,0.0,2937
14844,0.0,2937
14848,0.0,2937
14852,0.0,2937
14856,0.0,2937
14860,0.0,2937
14864,0.0,2937
14868,0.0,2937
14872,0.0,2937
14876,0.0,2937
14880,0.0,2937
14884,0.0,2937
14888,0.0,2937
14892,0.0,2937
14896,0.0,2937
14900,0.0,2937
14904,0.0,2937
14908,0.0,2937
14912,0.0,2937
14916,0.0,2937
14920,0.0,2937
14924,0.0,2937
14928,0.0,2937
14932,0.0,2937
14936,0.0,2937
14940,0.0,2937
14944,0.0,2937
14948,0.0,2937
14952,0.0,2937
14956,0.0,2937
14960,0.0,2937
14964,0.0,2937
14968,0.0,2937
14972,0.0,2937
14976,0.0,2937
14980,0.0,2937
14984,0.0,2937
14988,0.0,2937
14992,0.0,2937
14996,0.0,2937
15000,0.0,2937
15004,0.0,2937
15008,0.0,2937
15012,0.0,2937
15016,0.0,2937
15020,0.0,2937
15024,0.0,2937
15028,0.0,2937
15032,0.0,2937
15036,0.0,2937
15040,0.0,2937
15044,0.0,2937
15048,0.0,2937
15052,0.0,2937
15056,0.0,2937
15060,0.0,2937
15064,0.0,2937
15068,0.0,2937
15072,0.0,2937
15076,0.0,2937
15080,0.0,2937
15084,0.0,2937
15088,0.0,2937
15092,0.0,2937
15096,0.0,2937
15100,0.0,2937
15104,0.0,2937
15108,0.0,2937
15112,0.0,2937
15116,0.0,2937
15120,0.0,2937
15124,0.0,2937
15128,0.0,2937
15132,0.0,2937
15136,0.0,2937
15140,0.0,2937
15144,0.0,2937
15148,0.0,2937
15152,0.0,2937
15156,0.0,2937
15160,0.0,2937
15164,0.0,2937
15168,0.0,2937
15172,0.0,2937
15176,0.0,2937
15180,0.0,2937
15184,0.0,2937
15188,0.0,2937
15192,0.0,2937
15196,0.0,2937
15200,0.0,2937
15204,0.0,2937
15208,0.0,2937
15212,0.0,2937
15216,0.0,2937
15220,0.0,2937
15224,0.0,2937
15228,0.0,2937
15232,0.0,2937
15236,0.0,2937
15240,0.0,2937
15244,0.0,2937
15248,0.0,2937
15252,0.0,2937
15256,0.0,2937
15260,0.0,2937
15264,0.0,2937
15268,0.0,2937
15272,0.0,2937
15276,0.0,2937
15280,0.0,2937
15284,0.0,2937
15288,0.0,2937
15292,0.0,2937
15296,0.0,2937
15300,0.0,2937
15304,0.0,2937
15308,0.0,2937
15312,0.0,2937
15316,0.0,2937
15320,0.0,2937
15324,0.0,2937
15328,0.0,2937
15332,0.0,2937
15336,0.0,2937
15340,0.0,2937
15344,0.0,2937
15348,0.0,2937
15352,0.0,2937
15356,0.0,2937
15360,0.0,2937
15364,0.0,2937
15368,0.0,2937
15372,0.0,2937
15376,0.0,2937
15380,0.0,2937
15384,0.0,2937
15388,0.0,2937
15392,0.0,2937
15396,0.0,2937
15400,0.0,2937
15404,0.0,2937
15408,0.0,2937
15412,0.0,2937
15416,0.0,2937
15420,0.0,2937
15424,0.0,2937
15428,0.0,2937
15432,0.0,2937
15436,0.0,2937
15440,0.0,2937
15444,0.0,2937
15448,0.0,2937
15452,0.0,2937
15456,0.0,2937
15460,0.0,2937
15464,0.0,2937
15468,0.0,2937
15472,0.0,2937
15476,0.0,2937
15480,0.0,2937
15484,0.0,2937
15488,0.0,2937
15492,0.0,2937
15496,0.0,2937
15500,0.0,2937
15504,0.0,2937
15508,0.0,2937
15512,0.0,2937
15516,0.0,2937
15520,0.0,2937
15524,0.0,2937
15528,0.0,2937
15532,0.0,2937
15536,0.0,2937
15540,0.0,2937
15544,0.0,2937
15548,0.0,2937
15552,0.0,2937
15556,0.0,2937
15560,0.0,2937
15564,0.0,2937
15568,0.0,2937
15572,0.0,2937
15576,0.0,2937
15580,0.0,2937
15584,0.0,2937
15588,0.0,2937
15592,0.0,2937
15596,0.0,2937
15600,0.0,2937
15604,0.0,2937
15608,0.0,2937
15612,0.0,2937
15616,0.0,2937
15620,0.0,2937
15624,0.0,2937
15628,0.0,2937
15632,0.0,2937
15636,0.0,2937
15640,0.0,2937
15644,0.0,2937
15648,0.0,2937
15652,0.0,2937
15656,0.0,2937
15660,0.0,2937
15664,0.0,2937
15668,0.0,2937
15672,0.0,2937
15676,0.0,2937
15680,0.0,2937
15684,0.0,2937
15688,0.0,2937
15692,0.0,2937
15696,0.0,2937
15700,0.0,2937
15704,0.0,2937
15708,0.0,2937
15712,0.0,2937
15716,0.0,2937
15720,0.0,2937
15724,0.0,2937
15728,0.0,2937
15732,0.0,2937
15736,0.0,2937
15740,0.0,2937
15744,0.0,2937
15748,0.0,2937
15752,0.0,2937
15756,0.0,2937
15760,0.0,2937
15764,0.0,2937
15768,0.0,2937
15772,0.0,2937
15776,0.0,2937
15780,0.0,2937
15784,0.0,2937
15788,0.0,2937
15792,0.0,2937
15796,0.0,2937
15800,0.0,2937
15804,0.0,2937
15808,0.0,2937
15812,0.0,2937
15816,0.0,2937
15820,0.0,2937
15824,0.0,2937
15828,0.0,2937
15832,0.0,2937
15836,0.0,2937
15840,0.0,2937
15844,0.0,2937
15848,0.0,2937
15852,0.0,2937
