Tiempo(ms),RPM
6006,0.00
6010,0.00
6014,0.00
6018,0.00
6022,0.00
6026,0.00
6030,2250.00
6034,0.00
6038,0.00
6042,0.00
6046,0.00
6050,0.00
6054,0.00
6058,0.00
6062,0.00
6066,0.00
6070,0.00
6074,0.00
6078,0.00
6082,0.00
6086,0.00
6090,0.00
6094,750.00
6098,0.00
6102,0.00
6106,0.00
6110,0.00
6114,0.00
6118,0.00
6122,0.00
6126,0.00
6130,0.00
6134,1500.00
6138,0.00
6142,0.00
6146,0.00
6150,0.00
6154,0.00
6158,0.00
6162,0.00
6166,0.00
6170,0.00
6174,0.00
6178,0.00
6182,0.00
6186,0.00
6190,0.00
6194,0.00
6198,0.00
6202,0.00
6206,0.00
6210,0.00
6214,0.00
6218,0.00
6222,0.00
6226,0.00
6230,0.00
6234,0.00
6238,0.00
6242,0.00
6246,0.00
6250,0.00
6254,0.00
6258,0.00
6262,0.00
6266,0.00
6270,0.00
6274,0.00
6278,0.00
6282,0.00
6286,0.00
6290,0.00
6294,0.00
6298,750.00
6302,0.00
6306,0.00
6310,0.00
6314,0.00
6318,0.00
6322,0.00
6326,0.00
6330,0.00
6334,0.00
6338,0.00
6342,0.00
6346,0.00
6350,0.00
6354,0.00
6358,0.00
6362,750.00
6366,0.00
6370,0.00
6374,0.00
6378,0.00
6382,1500.00
6386,0.00
6390,0.00
6394,750.00
6398,0.00
6402,0.00
6406,0.00
6410,750.00
6414,0.00
6418,0.00
6422,0.00
6426,0.00
6430,750.00
6434,0.00
6438,0.00
6442,0.00
6446,0.00
6450,750.00
6454,0.00
6458,0.00
6462,0.00
6466,750.00
6470,0.00
6474,0.00
6478,0.00
6482,750.00
6486,0.00
6490,0.00
6494,0.00
6498,750.00
6502,0.00
6506,0.00
6510,750.00
6514,0.00
6518,0.00
6522,750.00
6526,0.00
6530,0.00
6534,750.00
6538,0.00
6542,0.00
6546,750.00
6550,0.00
6554,750.00
6558,0.00
6562,0.00
6566,750.00
6570,0.00
6574,750.00
6578,0.00
6582,0.00
6586,750.00
6590,0.00
6594,750.00
6598,0.00
6602,750.00
6606,0.00
6610,750.00
6614,0.00
6618,0.00
6622,750.00
6626,0.00
6630,750.00
6634,0.00
6638,750.00
6642,0.00
6646,750.00
6650,0.00
6654,750.00
6658,0.00
6662,750.00
6666,0.00
6670,750.00
6674,0.00
6678,750.00
6682,0.00
6686,750.00
6690,0.00
6694,750.00
6698,0.00
6702,750.00
6706,0.00
6710,750.00
6714,750.00
6718,0.00
6722,750.00
6726,0.00
6730,750.00
6734,750.00
6738,0.00
6742,750.00
6746,0.00
6750,750.00
6754,750.00
6758,0.00
6762,750.00
6766,0.00
6770,750.00
6774,750.00
6778,0.00
6782,750.00
6786,750.00
6790,0.00
6794,750.00
6798,0.00
6802,750.00
6806,750.00
6810,0.00
6814,750.00
6818,750.00
6822,0.00
6826,750.00
6830,750.00
6834,0.00
6838,750.00
6842,750.00
6846,0.00
6850,750.00
6854,750.00
6858,0.00
6862,750.00
6866,750.00
6870,0.00
6874,750.00
6878,750.00
6882,0.00
6886,750.00
6890,750.00
6894,750.00
6898,0.00
6902,750.00
6906,750.00
6910,0.00
6914,750.00
6918,750.00
6922,750.00
6926,0.00
6930,750.00
6934,750.00
6938,0.00
6942,750.00
6946,750.00
6950,750.00
6954,0.00
6958,750.00
6962,750.00
6966,750.00
6970,0.00
6974,750.00
6978,750.00
6982,750.00
6986,0.00
6990,750.00
6994,750.00
6998,750.00
7002,750.00
7006,0.00
7010,750.00
7014,750.00
7018,750.00
7022,0.00
7026,750.00
7030,750.00
7034,750.00
7038,0.00
7042,750.00
7046,750.00
7050,750.00
7054,750.00
7058,0.00
7062,750.00
7066,750.00
7070,750.00
7074,750.00
7078,0.00
7082,750.00
7086,750.00
7090,750.00
7094,750.00
7098,750.00
7102,0.00
7106,750.00
7110,750.00
7114,750.00
7118,750.00
7122,0.00
7126,750.00
7130,750.00
7134,750.00
7138,750.00
7142,0.00
7146,750.00
7150,750.00
7154,750.00
7158,750.00
7162,0.00
7166,750.00
7170,750.00
7174,750.00
7178,750.00
7182,750.00
7186,750.00
7190,0.00
7194,750.00
7198,750.00
7202,750.00
7206,750.00
7210,750.00
7214,750.00
7218,0.00
7222,750.00
7226,750.00
7230,750.00
7234,750.00
7238,750.00
7242,0.00
7246,750.00
7250,750.00
7254,750.00
7258,750.00
7262,750.00
7266,750.00
7270,0.00
7274,750.00
7278,750.00
7282,750.00
7286,750.00
7290,750.00
7294,750.00
7298,750.00
7302,750.00
7306,0.00
7310,750.00
7314,750.00
7318,750.00
7322,750.00
7326,750.00
7330,750.00
7334,0.00
7338,750.00
7342,750.00
7346,750.00
7350,750.00
7354,750.00
7358,750.00
7362,750.00
7366,750.00
7370,0.00
7374,750.00
7378,750.00
7382,750.00
7386,750.00
7390,750.00
7394,750.00
7398,750.00
7402,750.00
7406,750.00
7410,0.00
7414,750.00
7418,750.00
7422,750.00
7426,750.00
7430,750.00
7434,750.00
7438,750.00
7442,750.00
7446,750.00
7450,0.00
7454,750.00
7458,750.00
7462,750.00
7466,750.00
7470,750.00
7474,750.00
7478,750.00
7482,750.00
7486,750.00
7490,750.00
7494,0.00
7498,750.00
7502,750.00
7506,750.00
7510,750.00
7514,750.00
7518,750.00
7522,750.00
7526,750.00
7530,750.00
7534,750.00
7538,0.00
7542,750.00
7546,750.00
7550,750.00
7554,750.00
7558,750.00
7562,750.00
7566,750.00
7570,750.00
7574,750.00
7578,750.00
7582,750.00
7586,0.00
7590,750.00
7594,750.00
7598,750.00
7602,750.00
7606,750.00
7610,750.00
7614,750.00
7618,750.00
7622,750.00
7626,750.00
7630,750.00
7634,750.00
7638,0.00
7642,750.00
7646,750.00
7650,750.00
7654,750.00
7658,750.00
7662,750.00
7666,750.00
7670,750.00
7674,750.00
7678,750.00
7682,750.00
7686,0.00
7690,750.00
7694,750.00
7698,750.00
7702,750.00
7706,750.00
7710,750.00
7714,750.00
7718,750.00
7722,750.00
7726,750.00
7730,750.00
7734,750.00
7738,750.00
7742,750.00
7746,0.00
7750,750.00
7754,750.00
7758,750.00
7762,750.00
7766,750.00
7770,750.00
7774,750.00
7778,750.00
7782,750.00
7786,750.00
7790,750.00
7794,750.00
7798,0.00
7802,750.00
7806,750.00
7810,750.00
7814,750.00
7818,750.00
7822,750.00
7826,750.00
7830,750.00
7834,750.00
7838,750.00
7842,750.00
7846,750.00
7850,750.00
7854,0.00
7858,750.00
7862,750.00
7866,750.00
7870,750.00
7874,750.00
7878,750.00
7882,750.00
7886,750.00
7890,750.00
7894,750.00
7898,750.00
7902,750.00
7906,750.00
7910,750.00
7914,750.00
7918,0.00
7922,750.00
7926,750.00
7930,750.00
7934,750.00
7938,750.00
7942,750.00
7946,750.00
7950,750.00
7954,750.00
7958,750.00
7962,750.00
7966,750.00
7970,0.00
7974,750.00
7978,750.00
7982,750.00
7986,750.00
7990,750.00
7994,750.00
7998,750.00
8002,750.00
8006,750.00
8010,750.00
8014,750.00
8018,750.00
8022,750.00
8026,750.00
8030,750.00
8034,1500.00
8038,750.00
8042,750.00
8046,1500.00
8050,750.00
8054,1500.00
8058,750.00
8062,1500.00
8066,750.00
8070,1500.00
8074,750.00
8078,1500.00
8082,1500.00
8086,750.00
8090,1500.00
8094,1500.00
8098,1500.00
8102,1500.00
8106,1500.00
8110,750.00
8114,1500.00
8118,1500.00
8122,1500.00
8126,1500.00
8130,1500.00
8134,2250.00
8138,1500.00
8142,1500.00
8146,1500.00
8150,2250.00
8154,1500.00
8158,1500.00
8162,1500.00
8166,2250.00
8170,1500.00
8174,2250.00
8178,1500.00
8182,2250.00
8186,1500.00
8190,2250.00
8194,1500.00
8198,2250.00
8202,2250.00
8206,1500.00
8210,2250.00
8214,2250.00
8218,1500.00
8222,2250.00
8226,2250.00
8230,2250.00
8234,2250.00
8238,2250.00
8242,1500.00
8246,2250.00
8250,2250.00
8254,2250.00
8258,2250.00
8262,2250.00
8266,3000.00
8270,2250.00
8274,2250.00
8278,2250.00
8282,2250.00
8286,2250.00
8290,3000.00
8294,2250.00
8298,2250.00
8302,2250.00
8306,3000.00
8310,2250.00
8314,2250.00
8318,3000.00
8322,2250.00
8326,2250.00
8330,3000.00
8334,2250.00
8338,3000.00
8342,2250.00
8346,3000.00
8350,2250.00
8354,3000.00
8358,3000.00
8362,2250.00
8366,3000.00
8370,3000.00
8374,2250.00
8378,3000.00
8382,3000.00
8386,3000.00
8390,2250.00
8394,3000.00
8398,3000.00
8402,3000.00
8406,3000.00
8410,3000.00
8414,3000.00
8418,3000.00
8422,3000.00
8426,3000.00
8430,3000.00
8434,3000.00
8438,3000.00
8442,3000.00
8446,3000.00
8450,3000.00
8454,3000.00
8458,3000.00
8462,3000.00
8466,3750.00
8470,3000.00
8474,3000.00
8478,3000.00
8482,3750.00
8486,3000.00
8490,3000.00
8494,3750.00
8498,3000.00
8502,3000.00
8506,3750.00
8510,3000.00
8514,3750.00
8518,3000.00
8522,3000.00
8526,3750.00
8530,3000.00
8534,3750.00
8538,3750.00
8542,3000.00
8546,3750.00
8550,3000.00
8554,3750.00
8558,3000.00
8562,3750.00
8566,3750.00
8570,3750.00
8574,3000.00
8578,3750.00
8582,3750.00
8586,3000.00
8590,3750.00
8594,3750.00
8598,3750.00
8602,3750.00
8606,3000.00
8610,3750.00
8614,3750.00
8618,3750.00
8622,3750.00
8626,3750.00
8630,3750.00
8634,3750.00
8638,3750.00
8642,3750.00
8646,3750.00
8650,3750.00
8654,3750.00
8658,3750.00
8662,3750.00
8666,3750.00
8670,3750.00
8674,3750.00
8678,3750.00
8682,4500.00
8686,3750.00
8690,3750.00
8694,3750.00
8698,3750.00
8702,4500.00
8706,3750.00
8710,3750.00
8714,3750.00
8718,4500.00
8722,3750.00
8726,3750.00
8730,4500.00
8734,3750.00
8738,3750.00
8742,4500.00
8746,3750.00
8750,3750.00
8754,4500.00
8758,3750.00
8762,4500.00
8766,3750.00
8770,4500.00
8774,3750.00
8778,4500.00
8782,3750.00
8786,4500.00
8790,3750.00
8794,4500.00
8798,3750.00
8802,4500.00
8806,4500.00
8810,3750.00
8814,4500.00
8818,3750.00
8822,4500.00
8826,4500.00
8830,3750.00
8834,4500.00
8838,4500.00
8842,3750.00
8846,4500.00
8850,4500.00
8854,4500.00
8858,3750.00
8862,4500.00
8866,4500.00
8870,4500.00
8874,4500.00
8878,3750.00
8882,4500.00
8886,4500.00
8890,4500.00
8894,4500.00
8898,4500.00
8902,4500.00
8906,4500.00
8910,3750.00
8914,4500.00
8918,4500.00
8922,4500.00
8926,4500.00
8930,4500.00
8934,4500.00
8938,4500.00
8942,4500.00
8946,4500.00
8950,4500.00
8954,4500.00
8958,4500.00
8962,4500.00
8966,5250.00
8970,4500.00
8974,4500.00
8978,4500.00
8982,4500.00
8986,4500.00
8990,4500.00
8994,4500.00
8998,4500.00
9002,5250.00
9006,4500.00
9010,4500.00
9014,4500.00
9018,5250.00
9022,4500.00
9026,4500.00
9030,4500.00
9034,4500.00
9038,5250.00
9042,4500.00
9046,4500.00
9050,4500.00
9054,5250.00
9058,4500.00
9062,4500.00
9066,5250.00
9070,4500.00
9074,4500.00
9078,5250.00
9082,4500.00
9086,5250.00
9090,4500.00
9094,4500.00
9098,5250.00
9102,4500.00
9106,5250.00
9110,4500.00
9114,4500.00
9118,5250.00
9122,4500.00
9126,5250.00
9130,4500.00
9134,5250.00
9138,4500.00
9142,5250.00
9146,4500.00
9150,5250.00
9154,4500.00
9158,5250.00
9162,4500.00
9166,5250.00
9170,5250.00
9174,4500.00
9178,5250.00
9182,4500.00
9186,5250.00
9190,5250.00
9194,4500.00
9198,5250.00
9202,4500.00
9206,5250.00
9210,5250.00
9214,4500.00
9218,5250.00
9222,4500.00
9226,5250.00
9230,5250.00
9234,4500.00
9238,5250.00
9242,4500.00
9246,5250.00
9250,4500.00
9254,5250.00
9258,5250.00
9262,4500.00
9266,5250.00
9270,5250.00
9274,4500.00
9278,5250.00
9282,5250.00
9286,5250.00
9290,4500.00
9294,5250.00
9298,5250.00
9302,5250.00
9306,4500.00
9310,5250.00
9314,5250.00
9318,4500.00
9322,5250.00
9326,5250.00
9330,5250.00
9334,4500.00
9338,5250.00
9342,5250.00
9346,5250.00
9350,4500.00
9354,5250.00
9358,5250.00
9362,5250.00
9366,4500.00
9370,5250.00
9374,5250.00
9378,4500.00
9382,5250.00
9386,5250.00
9390,5250.00
9394,4500.00
9398,5250.00
9402,5250.00
9406,5250.00
9410,5250.00
9414,4500.00
9418,5250.00
9422,5250.00
9426,5250.00
9430,5250.00
9434,5250.00
9438,5250.00
9442,5250.00
9446,4500.00
9450,5250.00
9454,5250.00
9458,5250.00
9462,5250.00
9466,5250.00
9470,5250.00
9474,5250.00
9478,5250.00
9482,5250.00
9486,5250.00
9490,5250.00
9494,4500.00
9498,5250.00
9502,5250.00
9506,5250.00
9510,5250.00
9514,5250.00
9518,5250.00
9522,5250.00
9526,5250.00
9530,5250.00
9534,5250.00
9538,5250.00
9542,5250.00
9546,6000.00
9550,5250.00
9554,5250.00
9558,5250.00
9562,5250.00
9566,5250.00
9570,5250.00
9574,5250.00
9578,5250.00
9582,5250.00
9586,5250.00
9590,5250.00
9594,5250.00
9598,5250.00
9602,6000.00
9606,5250.00
9610,5250.00
9614,5250.00
9618,5250.00
9622,5250.00
9626,5250.00
9630,5250.00
9634,6000.00
9638,5250.00
9642,5250.00
9646,5250.00
9650,5250.00
9654,5250.00
9658,6000.00
9662,5250.00
9666,5250.00
9670,5250.00
9674,5250.00
9678,6000.00
9682,5250.00
9686,5250.00
9690,5250.00
9694,5250.00
9698,6000.00
9702,5250.00
9706,5250.00
9710,5250.00
9714,6000.00
9718,5250.00
9722,5250.00
9726,5250.00
9730,6000.00
9734,5250.00
9738,5250.00
9742,5250.00
9746,6000.00
9750,5250.00
9754,5250.00
9758,6000.00
9762,5250.00
9766,5250.00
9770,6000.00
9774,5250.00
9778,5250.00
9782,5250.00
9786,6000.00
9790,5250.00
9794,5250.00
9798,6000.00
9802,5250.00
9806,5250.00
9810,6000.00
9814,5250.00
9818,5250.00
9822,6000.00
9826,5250.00
9830,5250.00
9834,6000.00
9838,5250.00
9842,5250.00
9846,6000.00
9850,5250.00
9854,6000.00
9858,5250.00
9862,5250.00
9866,6000.00
9870,5250.00
9874,6000.00
9878,5250.00
9882,5250.00
9886,6000.00
9890,5250.00
9894,6000.00
9898,5250.00
9902,6000.00
9906,5250.00
9910,5250.00
9914,6000.00
9918,5250.00
9922,6000.00
9926,5250.00
9930,5250.00
9934,6000.00
9938,5250.00
9942,6000.00
9946,5250.00
9950,6000.00
9954,5250.00
9958,6000.00
9962,5250.00
9966,6000.00
9970,5250.00
9974,6000.00
9978,5250.00
9982,5250.00
9986,6000.00
9990,5250.00
9994,6000.00
9998,5250.00
10002,6000.00
10006,5250.00
10010,6000.00
10014,5250.00
10018,6000.00
10022,6000.00
10026,5250.00
10030,6000.00
10034,6000.00
10038,6000.00
10042,6000.00
10046,5250.00
10050,6000.00
10054,6000.00
10058,6000.00
10062,6000.00
10066,6000.00
10070,6750.00
10074,6000.00
10078,6000.00
10082,6000.00
10086,6000.00
10090,6750.00
10094,6000.00
10098,6000.00
10102,6750.00
10106,6000.00
10110,6750.00
10114,6000.00
10118,6750.00
10122,6000.00
10126,6750.00
10130,6000.00
10134,6750.00
10138,6750.00
10142,6000.00
10146,6750.00
10150,6750.00
10154,6750.00
10158,6000.00
10162,6750.00
10166,6750.00
10170,6750.00
10174,6750.00
10178,6750.00
10182,6750.00
10186,6750.00
10190,7500.00
10194,6750.00
10198,6750.00
10202,6750.00
10206,6750.00
10210,6750.00
10214,7500.00
10218,6750.00
10222,6750.00
10226,7500.00
10230,6750.00
10234,7500.00
10238,6750.00
10242,7500.00
10246,6750.00
10250,7500.00
10254,6750.00
10258,7500.00
10262,6750.00
10266,7500.00
10270,6750.00
10274,7500.00
10278,7500.00
10282,7500.00
10286,6750.00
10290,7500.00
10294,7500.00
10298,7500.00
10302,7500.00
10306,7500.00
10310,7500.00
10314,7500.00
10318,7500.00
10322,7500.00
10326,7500.00
10330,7500.00
10334,7500.00
10338,7500.00
10342,7500.00
10346,7500.00
10350,7500.00
10354,7500.00
10358,8250.00
10362,7500.00
10366,7500.00
10370,7500.00
10374,8250.00
10378,7500.00
10382,7500.00
10386,8250.00
10390,7500.00
10394,8250.00
10398,7500.00
10402,7500.00
10406,8250.00
10410,7500.00
10414,8250.00
10418,7500.00
10422,8250.00
10426,7500.00
10430,8250.00
10434,8250.00
10438,7500.00
10442,8250.00
10446,8250.00
10450,7500.00
10454,8250.00
10458,8250.00
10462,7500.00
10466,8250.00
10470,8250.00
10474,8250.00
10478,8250.00
10482,7500.00
10486,8250.00
10490,8250.00
10494,8250.00
10498,8250.00
10502,8250.00
10506,8250.00
10510,7500.00
10514,9000.00
10518,7500.00
10522,9000.00
10526,7500.00
10530,9000.00
10534,8250.00
10538,8250.00
10542,8250.00
10546,8250.00
10550,8250.00
10554,8250.00
10558,8250.00
10562,8250.00
10566,8250.00
10570,9000.00
10574,8250.00
10578,8250.00
10582,8250.00
10586,9000.00
10590,8250.00
10594,8250.00
10598,8250.00
10602,9000.00
10606,8250.00
10610,8250.00
10614,9000.00
10618,8250.00
10622,8250.00
10626,8250.00
10630,9000.00
10634,8250.00
10638,9000.00
10642,8250.00
10646,8250.00
10650,9000.00
10654,8250.00
10658,9000.00
10662,8250.00
10666,9000.00
10670,8250.00
10674,9000.00
10678,8250.00
10682,9000.00
10686,8250.00
10690,9000.00
10694,8250.00
10698,9000.00
10702,8250.00
10706,9000.00
10710,9000.00
10714,8250.00
10718,9000.00
10722,8250.00
10726,9000.00
10730,9000.00
10734,8250.00
10738,9000.00
10742,9000.00
10746,8250.00
10750,9000.00
10754,9000.00
10758,8250.00
10762,9000.00
10766,9000.00
10770,8250.00
10774,9000.00
10778,9000.00
10782,9000.00
10786,8250.00
10790,9000.00
10794,9000.00
10798,9000.00
10802,8250.00
10806,9000.00
10810,9000.00
10814,9000.00
10818,8250.00
10822,9000.00
10826,9000.00
10830,9000.00
10834,9000.00
10838,9000.00
10842,9000.00
10846,8250.00
10850,9000.00
10854,9000.00
10858,9000.00
10862,9000.00
10866,9000.00
10870,9000.00
10874,8250.00
10878,9000.00
10882,9000.00
10886,9000.00
10890,9000.00
10894,9000.00
10898,9000.00
10902,9000.00
10906,9000.00
10910,9000.00
10914,9000.00
10918,9000.00
10922,9000.00
10926,8250.00
10930,9750.00
10934,9000.00
10938,8250.00
10942,9750.00
10946,8250.00
10950,9000.00
10954,9000.00
10958,9000.00
10962,9750.00
10966,8250.00
10970,9750.00
10974,9000.00
10978,9000.00
10982,9000.00
10986,9000.00
10990,9000.00
10994,9000.00
10998,9000.00
11002,9000.00
11006,9000.00
11010,9000.00
11014,9000.00
11018,9000.00
11022,9000.00
11026,9000.00
11030,9000.00
11034,9000.00
11038,9000.00
11042,9750.00
11046,9000.00
11050,9000.00
11054,9000.00
11058,9000.00
11062,9000.00
11066,9000.00
11070,9000.00
11074,9750.00
11078,9000.00
11082,9000.00
11086,9000.00
11090,9000.00
11094,9000.00
11098,9000.00
11102,9750.00
11106,9000.00
11110,9000.00
11114,9000.00
11118,9000.00
11122,9000.00
11126,9750.00
11130,9000.00
11134,9000.00
11138,9000.00
11142,9000.00
11146,9000.00
11150,9750.00
11154,9000.00
11158,9000.00
11162,9000.00
11166,9000.00
11170,9750.00
11174,9000.00
11178,9000.00
11182,9000.00
11186,9000.00
11190,9750.00
11194,9000.00
11198,9000.00
11202,9000.00
11206,9750.00
11210,9000.00
11214,9000.00
11218,9000.00
11222,9000.00
11226,9750.00
11230,9000.00
11234,9000.00
11238,9000.00
11242,9750.00
11246,9000.00
11250,9000.00
11254,9000.00
11258,9750.00
11262,9000.00
11266,9000.00
11270,9000.00
11274,9750.00
11278,9000.00
11282,9000.00
11286,9750.00
11290,9000.00
11294,9000.00
11298,9000.00
11302,9750.00
11306,9000.00
11310,9000.00
11314,9000.00
11318,9750.00
11322,9000.00
11326,9000.00
11330,9750.00
11334,9000.00
11338,9000.00
11342,9750.00
11346,9000.00
11350,9000.00
11354,9000.00
11358,9750.00
11362,9000.00
11366,9000.00
11370,9750.00
11374,9000.00
11378,9000.00
11382,9750.00
11386,9000.00
11390,9000.00
11394,9750.00
11398,9000.00
11402,9000.00
11406,9000.00
11410,9750.00
11414,9000.00
11418,9000.00
11422,9750.00
11426,9000.00
11430,9000.00
11434,9750.00
11438,9000.00
11442,9750.00
11446,9000.00
11450,9000.00
11454,9750.00
11458,9000.00
11462,9000.00
11466,9750.00
11470,9000.00
11474,9000.00
11478,9750.00
11482,9000.00
11486,9000.00
11490,9750.00
11494,9000.00
11498,9000.00
11502,9750.00
11506,9000.00
11510,9000.00
11514,9750.00
11518,9000.00
11522,9750.00
11526,9000.00
11530,9000.00
11534,9750.00
11538,9000.00
11542,9000.00
11546,9750.00
11550,9000.00
11554,9000.00
11558,9750.00
11562,9000.00
11566,9750.00
11570,9000.00
11574,9000.00
11578,9750.00
11582,9000.00
11586,9000.00
11590,9750.00
11594,9000.00
11598,9750.00
11602,9000.00
11606,9000.00
11610,9750.00
11614,9000.00
11618,9750.00
11622,9000.00
11626,9000.00
11630,9750.00
11634,9000.00
11638,9000.00
11642,9750.00
11646,9000.00
11650,9750.00
11654,9000.00
11658,9000.00
11662,9750.00
11666,9000.00
11670,9750.00
11674,9000.00
11678,9750.00
11682,9000.00
11686,9000.00
11690,9750.00
11694,9000.00
11698,9750.00
11702,9000.00
11706,9000.00
11710,9750.00
11714,9000.00
11718,9750.00
11722,9000.00
11726,9000.00
11730,9750.00
11734,9000.00
11738,9750.00
11742,9000.00
11746,9000.00
11750,9750.00
11754,9000.00
11758,9750.00
11762,9000.00
11766,9000.00
11770,9750.00
11774,9000.00
11778,9750.00
11782,9000.00
11786,9000.00
11790,9750.00
11794,9000.00
11798,9750.00
11802,9000.00
11806,9750.00
11810,9000.00
11814,9750.00
11818,9000.00
11822,9000.00
11826,9750.00
11830,9000.00
11834,9750.00
11838,9000.00
11842,9000.00
11846,9750.00
11850,9000.00
11854,9750.00
11858,9000.00
11862,9750.00
11866,9000.00
11870,9000.00
11874,9750.00
11878,9000.00
11882,9750.00
11886,9000.00
11890,9750.00
11894,9000.00
11898,9000.00
11902,9750.00
11906,9000.00
11910,9750.00
11914,9000.00
11918,9750.00
11922,9000.00
11926,9000.00
11930,9750.00
11934,9000.00
11938,9750.00
11942,9000.00
11946,9750.00
11950,9000.00
11954,9000.00
11958,9750.00
11962,9000.00
11966,9750.00
11970,9000.00
11974,9750.00
11978,9000.00
11982,9750.00
11986,9000.00
11990,9000.00
11994,9750.00
11998,9000.00
12002,9750.00
12006,9000.00
12010,9750.00
12014,9000.00
12018,9750.00
12022,9000.00
12026,9750.00
12030,9000.00
12034,9750.00
12038,9750.00
12042,9750.00
12046,9000.00
12050,9750.00
12054,9750.00
12058,9750.00
12062,9750.00
12066,9750.00
12070,9750.00
12074,9750.00
12078,9750.00
12082,9750.00
12086,9750.00
12090,9750.00
12094,9750.00
12098,9750.00
12102,9750.00
12106,9750.00
12110,9750.00
12114,10500.00
12118,9750.00
12122,9750.00
12126,10500.00
12130,9750.00
12134,9750.00
12138,10500.00
12142,9750.00
12146,10500.00
12150,9750.00
12154,10500.00
12158,9750.00
12162,10500.00
12166,9750.00
12170,10500.00
12174,10500.00
12178,9750.00
12182,10500.00
12186,9750.00
12190,10500.00
12194,10500.00
12198,10500.00
12202,9750.00
12206,10500.00
12210,10500.00
12214,10500.00
12218,10500.00
12222,9750.00
12226,10500.00
12230,10500.00
12234,10500.00
12238,10500.00
12242,10500.00
12246,10500.00
12250,10500.00
12254,10500.00
12258,10500.00
12262,10500.00
12266,10500.00
12270,10500.00
12274,10500.00
12278,10500.00
12282,11250.00
12286,10500.00
12290,10500.00
12294,10500.00
12298,10500.00
12302,10500.00
12306,11250.00
12310,10500.00
12314,10500.00
12318,11250.00
12322,10500.00
12326,10500.00
12330,10500.00
12334,11250.00
12338,10500.00
12342,10500.00
12346,11250.00
12350,10500.00
12354,11250.00
12358,10500.00
12362,11250.00
12366,10500.00
12370,10500.00
12374,11250.00
12378,11250.00
12382,10500.00
12386,10500.00
12390,11250.00
12394,11250.00
12398,10500.00
12402,11250.00
12406,10500.00
12410,11250.00
12414,10500.00
12418,11250.00
12422,11250.00
12426,10500.00
12430,11250.00
12434,11250.00
12438,10500.00
12442,11250.00
12446,11250.00
12450,10500.00
12454,11250.00
12458,11250.00
12462,10500.00
12466,11250.00
12470,11250.00
12474,11250.00
12478,10500.00
12482,11250.00
12486,11250.00
12490,11250.00
12494,11250.00
12498,11250.00
12502,10500.00
12506,11250.00
12510,11250.00
12514,11250.00
12518,11250.00
12522,11250.00
12526,11250.00
12530,11250.00
12534,10500.00
12538,11250.00
12542,11250.00
12546,11250.00
12550,11250.00
12554,11250.00
12558,11250.00
12562,11250.00
12566,11250.00
12570,11250.00
12574,11250.00
12578,11250.00
12582,11250.00
12586,11250.00
12590,11250.00
12594,11250.00
12598,11250.00
12602,11250.00
12606,11250.00
12610,11250.00
12614,11250.00
12618,11250.00
12622,12000.00
12626,11250.00
12630,11250.00
12634,11250.00
12638,11250.00
12642,11250.00
12646,11250.00
12650,11250.00
12654,12000.00
12658,11250.00
12662,11250.00
12666,11250.00
12670,11250.00
12674,11250.00
12678,12000.00
12682,11250.00
12686,11250.00
12690,11250.00
12694,11250.00
12698,11250.00
12702,12000.00
12706,11250.00
12710,11250.00
12714,11250.00
12718,11250.00
12722,12000.00
12726,11250.00
12730,11250.00
12734,11250.00
12738,12000.00
12742,11250.00
12746,11250.00
12750,11250.00
12754,12000.00
12758,11250.00
12762,11250.00
12766,11250.00
12770,12000.00
12774,11250.00
12778,12000.00
12782,11250.00
12786,11250.00
12790,11250.00
12794,12000.00
12798,11250.00
12802,11250.00
12806,12000.00
12810,11250.00
12814,11250.00
12818,12000.00
12822,11250.00
12826,11250.00
12830,12000.00
12834,11250.00
12838,11250.00
12842,12000.00
12846,11250.00
12850,11250.00
12854,12000.00
12858,11250.00
12862,12000.00
12866,11250.00
12870,11250.00
12874,12000.00
12878,11250.00
12882,12000.00
12886,11250.00
12890,11250.00
12894,12000.00
12898,11250.00
12902,11250.00
12906,12000.00
12910,11250.00
12914,12000.00
12918,11250.00
12922,12000.00
12926,11250.00
12930,12000.00
12934,11250.00
12938,11250.00
12942,12000.00
12946,11250.00
12950,12000.00
12954,11250.00
12958,12000.00
12962,11250.00
12966,12000.00
12970,11250.00
12974,11250.00
12978,12000.00
12982,11250.00
12986,12000.00
12990,11250.00
12994,12000.00
12998,11250.00
13002,12000.00
13006,11250.00
13010,12000.00
13014,11250.00
13018,12000.00
13022,11250.00
13026,12000.00
13030,11250.00
13034,12000.00
13038,11250.00
13042,12000.00
13046,11250.00
13050,12000.00
13054,12000.00
13058,11250.00
13062,11250.00
13066,12000.00
13070,12000.00
13074,11250.00
13078,12000.00
13082,11250.00
13086,12000.00
13090,11250.00
13094,12000.00
13098,11250.00
13102,12000.00
13106,12000.00
13110,11250.00
13114,12000.00
13118,11250.00
13122,12000.00
13126,11250.00
13130,12000.00
13134,11250.00
13138,12000.00
13142,12000.00
13146,11250.00
13150,12000.00
13154,11250.00
13158,12000.00
13162,12000.00
13166,11250.00
13170,12000.00
13174,11250.00
13178,12000.00
13182,12000.00
13186,11250.00
13190,12000.00
13194,11250.00
13198,12000.00
13202,12000.00
13206,11250.00
13210,12000.00
13214,12000.00
13218,11250.00
13222,12000.00
13226,11250.00
13230,12000.00
13234,12000.00
13238,11250.00
13242,12000.00
13246,12000.00
13250,11250.00
13254,12000.00
13258,12000.00
13262,11250.00
13266,12000.00
13270,12000.00
13274,11250.00
13278,12000.00
13282,11250.00
13286,12000.00
13290,12000.00
13294,11250.00
13298,12000.00
13302,12000.00
13306,11250.00
13310,12000.00
13314,12000.00
13318,11250.00
13322,12000.00
13326,12000.00
13330,11250.00
13334,12000.00
13338,11250.00
13342,12000.00
13346,12000.00
13350,12000.00
13354,11250.00
13358,12000.00
13362,12000.00
13366,11250.00
13370,12000.00
13374,11250.00
13378,12000.00
13382,12000.00
13386,12000.00
13390,11250.00
13394,12000.00
13398,12000.00
13402,11250.00
13406,12000.00
13410,11250.00
13414,12000.00
13418,12000.00
13422,12000.00
13426,11250.00
13430,12000.00
13434,12000.00
13438,11250.00
13442,12000.00
13446,12000.00
13450,11250.00
13454,12000.00
13458,12000.00
13462,11250.00
13466,12000.00
13470,12000.00
13474,11250.00
13478,12000.00
13482,12000.00
13486,11250.00
13490,12000.00
13494,12000.00
13498,12000.00
13502,11250.00
13506,12000.00
13510,12000.00
13514,11250.00
13518,12000.00
13522,12000.00
13526,11250.00
13530,12000.00
13534,12000.00
13538,11250.00
13542,12000.00
13546,12000.00
13550,12000.00
13554,11250.00
13558,12000.00
13562,12000.00
13566,11250.00
13570,12000.00
13574,12000.00
13578,11250.00
13582,12000.00
13586,12000.00
13590,12000.00
13594,11250.00
13598,12000.00
13602,12000.00
13606,12000.00
13610,11250.00
13614,12000.00
13618,12000.00
13622,11250.00
13626,12000.00
13630,12000.00
13634,11250.00
13638,12000.00
13642,12000.00
13646,12000.00
13650,11250.00
13654,12000.00
13658,12000.00
13662,12000.00
13666,11250.00
13670,12000.00
13674,12000.00
13678,11250.00
13682,12000.00
13686,12000.00
13690,11250.00
13694,12000.00
13698,12000.00
13702,12000.00
13706,11250.00
13710,12000.00
13714,12000.00
13718,12000.00
13722,11250.00
13726,12000.00
13730,12000.00
13734,12000.00
13738,11250.00
13742,12000.00
13746,12000.00
13750,11250.00
13754,12000.00
13758,12000.00
13762,12000.00
13766,11250.00
13770,12000.00
13774,12000.00
13778,12000.00
13782,11250.00
13786,12000.00
13790,12000.00
13794,12000.00
13798,11250.00
13802,12000.00
13806,12000.00
13810,12000.00
13814,11250.00
13818,12000.00
13822,12000.00
13826,12000.00
13830,11250.00
13834,12000.00
13838,12000.00
13842,12000.00
13846,11250.00
13850,12000.00
13854,12000.00
13858,12000.00
13862,11250.00
13866,12000.00
13870,12000.00
13874,12000.00
13878,11250.00
13882,12000.00
13886,12000.00
13890,12000.00
13894,11250.00
13898,12000.00
13902,12000.00
13906,12000.00
13910,11250.00
13914,12000.00
13918,12000.00
13922,12000.00
13926,11250.00
13930,12000.00
13934,12000.00
13938,11250.00
13942,12000.00
13946,12000.00
13950,12000.00
13954,11250.00
13958,12000.00
13962,12000.00
13966,12000.00
13970,11250.00
13974,12000.00
13978,12000.00
13982,12000.00
13986,12000.00
13990,11250.00
13994,12000.00
13998,12000.00
14002,12000.00
14006,11250.00
14010,12000.00
14014,12000.00
14018,12000.00
14022,12000.00
14026,11250.00
14030,12000.00
14034,12000.00
14038,12000.00
14042,12000.00
14046,12000.00
14050,12000.00
14054,12000.00
14058,12750.00
14062,12000.00
14066,12000.00
14070,12000.00
14074,12000.00
14078,12750.00
14082,12000.00
14086,12000.00
14090,12000.00
14094,12750.00
14098,12000.00
14102,12000.00
14106,12750.00
14110,12000.00
14114,12000.00
14118,12750.00
14122,12000.00
14126,12750.00
14130,12000.00
14134,12750.00
14138,12000.00
14142,12750.00
14146,12750.00
14150,12000.00
14154,12750.00
14158,12000.00
14162,12750.00
14166,12750.00
14170,12000.00
14174,12750.00
14178,12750.00
14182,12000.00
14186,12750.00
14190,12750.00
14194,12750.00
14198,12000.00
14202,12750.00
14206,12750.00
14210,12750.00
14214,12750.00
14218,12750.00
14222,12000.00
14226,12750.00
14230,12750.00
14234,12750.00
14238,12750.00
14242,12750.00
14246,12750.00
14250,12750.00
14254,12750.00
14258,12750.00
14262,12750.00
14266,12750.00
14270,12750.00
14274,12750.00
14278,12750.00
14282,12750.00
14286,12750.00
14290,12750.00
14294,13500.00
14298,12750.00
14302,12750.00
14306,12750.00
14310,12750.00
14314,12750.00
14318,12750.00
14322,13500.00
14326,12750.00
14330,12750.00
14334,12750.00
14338,13500.00
14342,12750.00
14346,12750.00
14350,12750.00
14354,13500.00
14358,12750.00
14362,13500.00
14366,12750.00
14370,12750.00
14374,12750.00
14378,13500.00
14382,12750.00
14386,13500.00
14390,12750.00
14394,13500.00
14398,12750.00
14402,12750.00
14406,13500.00
14410,12750.00
14414,13500.00
14418,12750.00
14422,13500.00
14426,12750.00
14430,12750.00
14434,13500.00
14438,12750.00
14442,13500.00
14446,12750.00
14450,13500.00
14454,12750.00
14458,13500.00
14462,12750.00
14466,13500.00
14470,12750.00
14474,13500.00
14478,13500.00
14482,12750.00
14486,13500.00
14490,12750.00
14494,13500.00
14498,12750.00
14502,13500.00
14506,13500.00
14510,12750.00
14514,13500.00
14518,13500.00
14522,12750.00
14526,13500.00
14530,12750.00
14534,13500.00
14538,13500.00
14542,12750.00
14546,13500.00
14550,13500.00
14554,13500.00
14558,12750.00
14562,13500.00
14566,13500.00
14570,12750.00
14574,13500.00
14578,13500.00
14582,13500.00
14586,12750.00
14590,13500.00
14594,13500.00
14598,12750.00
14602,13500.00
14606,13500.00
14610,13500.00
14614,12750.00
14618,13500.00
14622,13500.00
14626,13500.00
14630,12750.00
14634,13500.00
14638,13500.00
14642,13500.00
14646,13500.00
14650,12750.00
14654,13500.00
14658,13500.00
14662,13500.00
14666,13500.00
14670,12750.00
14674,13500.00
14678,13500.00
14682,13500.00
14686,13500.00
14690,12750.00
14694,13500.00
14698,13500.00
14702,13500.00
14706,13500.00
14710,12750.00
14714,13500.00
14718,13500.00
14722,13500.00
14726,13500.00
14730,13500.00
14734,13500.00
14738,13500.00
14742,12750.00
14746,13500.00
14750,13500.00
14754,13500.00
14758,13500.00
14762,13500.00
14766,13500.00
14770,13500.00
14774,13500.00
14778,12750.00
14782,13500.00
14786,13500.00
14790,13500.00
14794,13500.00
14798,13500.00
14802,13500.00
14806,13500.00
14810,13500.00
14814,13500.00
14818,13500.00
14822,13500.00
14826,12750.00
14830,13500.00
14834,13500.00
14838,13500.00
14842,13500.00
14846,13500.00
14850,13500.00
14854,13500.00
14858,13500.00
14862,13500.00
14866,13500.00
14870,13500.00
14874,13500.00
14878,13500.00
14882,13500.00
14886,13500.00
14890,13500.00
14894,13500.00
14898,13500.00
14902,13500.00
14906,13500.00
14910,13500.00
14914,13500.00
14918,13500.00
14922,13500.00
14926,13500.00
14930,13500.00
14934,13500.00
14938,13500.00
14942,13500.00
14946,13500.00
14950,13500.00
14954,13500.00
14958,13500.00
14962,13500.00
14966,13500.00
14970,13500.00
14974,13500.00
14978,13500.00
14982,13500.00
14986,13500.00
14990,13500.00
14994,13500.00
14998,13500.00
15002,13500.00
15006,13500.00
15010,13500.00
15014,13500.00
15018,12750.00
15022,13500.00
15026,13500.00
15030,13500.00
15034,13500.00
15038,14250.00
15042,13500.00
15046,13500.00
15050,13500.00
15054,13500.00
15058,13500.00
15062,12750.00
15066,13500.00
15070,14250.00
15074,13500.00
15078,13500.00
15082,13500.00
15086,13500.00
15090,13500.00
15094,13500.00
15098,13500.00
15102,12750.00
15106,13500.00
15110,13500.00
15114,13500.00
15118,14250.00
15122,13500.00
15126,13500.00
15130,13500.00
15134,13500.00
15138,12750.00
15142,13500.00
15146,13500.00
15150,13500.00
15154,13500.00
15158,14250.00
15162,13500.00
15166,13500.00
15170,13500.00
15174,13500.00
15178,13500.00
15182,13500.00
15186,13500.00
15190,13500.00
15194,13500.00
15198,13500.00
15202,13500.00
15206,13500.00
15210,13500.00
15214,13500.00
15218,13500.00
15222,13500.00
15226,13500.00
15230,13500.00
15234,13500.00
15238,13500.00
15242,13500.00
15246,13500.00
15250,13500.00
15254,13500.00
15258,13500.00
15262,13500.00
15266,13500.00
15270,13500.00
15274,13500.00
15278,13500.00
15282,13500.00
15286,13500.00
15290,13500.00
15294,13500.00
15298,13500.00
15302,13500.00
15306,13500.00
15310,13500.00
15314,13500.00
15318,13500.00
15322,13500.00
15326,13500.00
15330,13500.00
15334,13500.00
15338,13500.00
15342,13500.00
15346,13500.00
15350,13500.00
15354,13500.00
15358,13500.00
15362,13500.00
15366,13500.00
15370,13500.00
15374,13500.00
15378,13500.00
15382,13500.00
15386,13500.00
15390,13500.00
15394,13500.00
15398,13500.00
15402,13500.00
15406,13500.00
15410,13500.00
15414,13500.00
15418,13500.00
15422,13500.00
15426,13500.00
15430,13500.00
15434,13500.00
15438,13500.00
15442,13500.00
15446,13500.00
15450,13500.00
15454,13500.00
15458,13500.00
15462,13500.00
15466,13500.00
15470,13500.00
15474,13500.00
15478,14250.00
15482,13500.00
15486,13500.00
15490,13500.00
15494,13500.00
15498,13500.00
15502,13500.00
15506,13500.00
15510,13500.00
15514,13500.00
15518,13500.00
15522,13500.00
15526,13500.00
15530,13500.00
15534,13500.00
15538,13500.00
15542,13500.00
15546,13500.00
15550,13500.00
15554,13500.00
15558,13500.00
15562,13500.00
15566,13500.00
15570,13500.00
15574,13500.00
15578,13500.00
15582,13500.00
15586,13500.00
15590,13500.00
15594,13500.00
15598,13500.00
15602,13500.00
15606,13500.00
15610,13500.00
15614,13500.00
15618,13500.00
15622,13500.00
15626,13500.00
15630,13500.00
15634,13500.00
15638,13500.00
15642,14250.00
15646,13500.00
15650,13500.00
15654,13500.00
15658,13500.00
15662,13500.00
15666,13500.00
15670,13500.00
15674,13500.00
15678,13500.00
15682,13500.00
15686,13500.00
15690,13500.00
15694,13500.00
15698,13500.00
15702,13500.00
15706,13500.00
15710,13500.00
15714,13500.00
15718,13500.00
15722,13500.00
15726,13500.00
15730,13500.00
15734,13500.00
15738,13500.00
15742,13500.00
15746,13500.00
15750,13500.00
15754,13500.00
15758,13500.00
15762,13500.00
15766,13500.00
15770,13500.00
15774,13500.00
15778,13500.00
15782,13500.00
15786,13500.00
15790,12750.00
15794,13500.00
15798,14250.00
15802,13500.00
15806,13500.00
15810,13500.00
15814,12750.00
15818,13500.00
15822,13500.00
15826,13500.00
15830,13500.00
15834,13500.00
15838,13500.00
15842,13500.00
15846,13500.00
15850,13500.00
15854,13500.00
15858,13500.00
15862,13500.00
15866,13500.00
15870,13500.00
15874,13500.00
15878,13500.00
15882,13500.00
15886,13500.00
15890,13500.00
15894,13500.00
15898,13500.00
15902,13500.00
15906,13500.00
15910,13500.00
15914,13500.00
15918,13500.00
15922,13500.00
15926,13500.00
15930,13500.00
15934,12750.00
15938,13500.00
15942,13500.00
15946,13500.00
15950,13500.00
15954,13500.00
15958,13500.00
15962,13500.00
15966,13500.00
15970,13500.00
15974,13500.00
15978,13500.00
15982,13500.00
15986,13500.00
15990,13500.00
15994,13500.00
15998,13500.00
16002,13500.00
16006,13500.00
16010,12750.00
16014,13500.00
16018,13500.00
16022,13500.00
16026,13500.00
16030,12750.00
16034,13500.00
16038,13500.00
16042,13500.00
16046,12750.00
16050,13500.00
16054,12750.00
16058,13500.00
16062,13500.00
16066,12750.00
16070,13500.00
16074,12750.00
16078,13500.00
16082,12750.00
16086,12750.00
16090,13500.00
16094,12750.00
16098,13500.00
16102,12750.00
16106,12750.00
16110,12750.00
16114,13500.00
16118,12750.00
16122,12750.00
16126,12750.00
16130,13500.00
16134,12750.00
16138,12750.00
16142,12750.00
16146,12750.00
16150,12750.00
16154,12750.00
16158,12750.00
16162,12750.00
16166,12750.00
16170,12750.00
16174,12750.00
16178,12750.00
16182,12750.00
16186,12750.00
16190,12750.00
16194,12750.00
16198,12000.00
16202,12750.00
16206,12750.00
16210,12750.00
16214,12750.00
16218,12750.00
16222,12000.00
16226,12750.00
16230,12750.00
16234,12750.00
16238,12000.00
16242,12750.00
16246,12750.00
16250,12000.00
16254,12750.00
16258,12750.00
16262,12000.00
16266,12750.00
16270,12750.00
16274,12000.00
16278,12750.00
16282,12000.00
16286,12750.00
16290,12750.00
16294,12000.00
16298,12750.00
16302,12000.00
16306,12750.00
16310,12000.00
16314,12750.00
16318,12000.00
16322,12000.00
16326,12750.00
16330,12000.00
16334,12750.00
16338,12000.00
16342,12750.00
16346,12000.00
16350,12000.00
16354,12750.00
16358,12000.00
16362,12000.00
16366,12750.00
16370,12000.00
16374,12750.00
16378,12000.00
16382,12000.00
16386,12000.00
16390,12750.00
16394,12000.00
16398,12000.00
16402,12750.00
16406,12000.00
16410,12000.00
16414,12000.00
16418,12750.00
16422,12000.00
16426,12000.00
16430,12000.00
16434,12000.00
16438,12750.00
16442,12000.00
16446,12000.00
16450,12000.00
16454,12000.00
16458,12000.00
16462,12750.00
16466,12000.00
16470,12000.00
16474,12000.00
16478,12000.00
16482,12000.00
16486,12000.00
16490,12000.00
16494,12000.00
16498,12000.00
16502,12000.00
16506,12000.00
16510,12000.00
16514,12000.00
16518,12000.00
16522,12000.00
16526,12000.00
16530,12000.00
16534,12000.00
16538,12000.00
16542,12000.00
16546,12000.00
16550,12000.00
16554,12000.00
16558,12000.00
16562,12000.00
16566,12000.00
16570,12000.00
16574,12000.00
16578,12000.00
16582,12000.00
16586,11250.00
16590,12000.00
16594,12000.00
16598,12000.00
16602,12000.00
16606,12000.00
16610,12000.00
16614,11250.00
16618,12000.00
16622,12000.00
16626,12000.00
16630,12000.00
16634,12000.00
16638,11250.00
16642,12000.00
16646,12000.00
16650,12000.00
16654,12000.00
16658,11250.00
16662,12000.00
16666,12000.00
16670,12000.00
16674,12000.00
16678,11250.00
16682,12000.00
16686,12000.00
16690,12000.00
16694,11250.00
16698,12000.00
16702,12000.00
16706,12000.00
16710,11250.00
16714,12000.00
16718,12000.00
16722,12000.00
16726,11250.00
16730,12000.00
16734,12000.00
16738,12000.00
16742,11250.00
16746,12000.00
16750,12000.00
16754,11250.00
16758,12000.00
16762,12000.00
16766,11250.00
16770,12000.00
16774,12000.00
16778,11250.00
16782,12000.00
16786,12000.00
16790,12000.00
16794,11250.00
16798,12000.00
16802,12000.00
16806,11250.00
16810,12000.00
16814,11250.00
16818,12000.00
16822,12000.00
16826,12000.00
16830,11250.00
16834,12000.00
16838,11250.00
16842,12000.00
16846,12000.00
16850,11250.00
16854,12000.00
16858,12000.00
16862,11250.00
16866,12000.00
16870,11250.00
16874,12000.00
16878,12000.00
16882,11250.00
16886,12000.00
16890,11250.00
16894,12000.00
16898,12000.00
16902,11250.00
16906,12000.00
16910,12000.00
16914,11250.00
16918,12000.00
16922,11250.00
16926,12000.00
16930,12000.00
16934,11250.00
16938,12000.00
16942,11250.00
16946,12000.00
16950,12000.00
16954,11250.00
16958,12000.00
16962,11250.00
16966,12000.00
16970,12000.00
16974,11250.00
16978,12000.00
16982,11250.00
16986,12000.00
16990,12000.00
16994,11250.00
16998,12000.00
17002,11250.00
17006,12000.00
17010,12000.00
17014,11250.00
17018,12000.00
17022,11250.00
17026,12000.00
17030,12000.00
17034,11250.00
17038,12000.00
17042,11250.00
17046,12000.00
17050,11250.00
17054,12000.00
17058,12000.00
17062,11250.00
17066,12000.00
17070,11250.00
17074,12000.00
17078,12000.00
17082,11250.00
17086,12000.00
17090,11250.00
17094,12000.00
17098,12000.00
17102,11250.00
17106,12000.00
17110,11250.00
17114,12000.00
17118,11250.00
17122,12000.00
17126,11250.00
17130,12000.00
17134,12000.00
17138,11250.00
17142,12000.00
17146,11250.00
17150,12000.00
17154,12000.00
17158,11250.00
17162,12000.00
17166,11250.00
17170,12000.00
17174,12000.00
17178,11250.00
17182,12000.00
17186,11250.00
17190,12000.00
17194,12000.00
17198,11250.00
17202,12000.00
17206,11250.00
17210,12000.00
17214,12000.00
17218,11250.00
17222,12000.00
17226,11250.00
17230,12000.00
17234,11250.00
17238,12000.00
17242,12000.00
17246,11250.00
17250,12000.00
17254,12000.00
17258,11250.00
17262,12000.00
17266,11250.00
17270,12000.00
17274,11250.00
17278,12000.00
17282,12000.00
17286,11250.00
17290,12000.00
17294,11250.00
17298,12000.00
17302,12000.00
17306,11250.00
17310,12000.00
17314,11250.00
17318,12000.00
17322,12000.00
17326,11250.00
17330,12000.00
17334,11250.00
17338,12000.00
17342,11250.00
17346,12000.00
17350,12000.00
17354,11250.00
17358,12000.00
17362,11250.00
17366,12000.00
17370,11250.00
17374,12000.00
17378,11250.00
17382,12000.00
17386,12750.00
17390,11250.00
17394,12000.00
17398,11250.00
17402,12000.00
17406,11250.00
17410,12000.00
17414,11250.00
17418,12000.00
17422,11250.00
17426,12000.00
17430,11250.00
17434,12000.00
17438,11250.00
17442,12000.00
17446,12000.00
17450,11250.00
17454,12000.00
17458,11250.00
17462,12000.00
17466,11250.00
17470,12000.00
17474,11250.00
17478,12000.00
17482,11250.00
17486,12000.00
17490,11250.00
17494,12000.00
17498,11250.00
17502,12000.00
17506,11250.00
17510,12000.00
17514,12000.00
17518,11250.00
17522,11250.00
17526,12000.00
17530,12000.00
17534,11250.00
17538,11250.00
17542,12000.00
17546,12000.00
17550,11250.00
17554,12000.00
17558,11250.00
17562,12000.00
17566,11250.00
17570,12000.00
17574,11250.00
17578,11250.00
17582,12000.00
17586,12000.00
17590,11250.00
17594,11250.00
17598,12000.00
17602,12000.00
17606,11250.00
17610,11250.00
17614,12000.00
17618,11250.00
17622,12000.00
17626,11250.00
17630,12000.00
17634,11250.00
17638,12000.00
17642,11250.00
17646,12000.00
17650,11250.00
17654,12000.00
17658,11250.00
17662,12000.00
17666,11250.00
17670,11250.00
17674,12000.00
17678,11250.00
17682,12000.00
17686,11250.00
17690,12000.00
17694,11250.00
17698,12000.00
17702,11250.00
17706,12000.00
17710,11250.00
17714,11250.00
17718,12000.00
17722,11250.00
17726,12000.00
17730,11250.00
17734,11250.00
17738,12000.00
17742,11250.00
17746,12000.00
17750,11250.00
17754,12000.00
17758,11250.00
17762,12000.00
17766,11250.00
17770,11250.00
17774,12000.00
17778,11250.00
17782,12000.00
17786,11250.00
17790,11250.00
17794,12000.00
17798,11250.00
17802,12000.00
17806,11250.00
17810,11250.00
17814,12000.00
17818,11250.00
17822,12000.00
17826,11250.00
17830,12000.00
17834,11250.00
17838,11250.00
17842,12000.00
17846,11250.00
17850,12000.00
17854,11250.00
17858,11250.00
17862,12000.00
17866,11250.00
17870,12000.00
17874,11250.00
17878,11250.00
17882,12000.00
17886,11250.00
17890,11250.00
17894,12000.00
17898,11250.00
17902,12000.00
17906,11250.00
17910,12000.00
17914,11250.00
17918,11250.00
17922,12000.00
17926,11250.00
17930,12000.00
17934,11250.00
17938,12000.00
17942,11250.00
17946,11250.00
17950,12000.00
17954,11250.00
17958,12000.00
17962,11250.00
17966,11250.00
17970,12000.00
17974,11250.00
17978,12000.00
17982,11250.00
17986,11250.00
17990,12000.00
17994,11250.00
17998,12000.00
18002,11250.00
18006,12000.00
18010,11250.00
18014,11250.00
18018,11250.00
18022,12000.00
18026,11250.00
18030,11250.00
18034,11250.00
18038,12000.00
18042,11250.00
18046,11250.00
18050,11250.00
18054,11250.00
18058,11250.00
18062,11250.00
18066,11250.00
18070,11250.00
18074,11250.00
18078,11250.00
18082,11250.00
18086,11250.00
18090,11250.00
18094,10500.00
18098,11250.00
18102,11250.00
18106,11250.00
18110,11250.00
18114,10500.00
18118,11250.00
18122,11250.00
18126,10500.00
18130,11250.00
18134,11250.00
18138,10500.00
18142,11250.00
18146,10500.00
18150,11250.00
18154,10500.00
18158,11250.00
18162,10500.00
18166,11250.00
18170,10500.00
18174,11250.00
18178,10500.00
18182,10500.00
18186,11250.00
18190,10500.00
18194,10500.00
18198,11250.00
18202,10500.00
18206,10500.00
18210,10500.00
18214,11250.00
18218,10500.00
18222,10500.00
18226,10500.00
18230,11250.00
18234,10500.00
18238,10500.00
18242,10500.00
18246,10500.00
18250,10500.00
18254,10500.00
18258,10500.00
18262,10500.00
18266,10500.00
18270,11250.00
18274,10500.00
18278,9750.00
18282,11250.00
18286,10500.00
18290,9750.00
18294,10500.00
18298,10500.00
18302,10500.00
18306,10500.00
18310,10500.00
18314,10500.00
18318,10500.00
18322,10500.00
18326,10500.00
18330,9750.00
18334,10500.00
18338,10500.00
18342,10500.00
18346,9750.00
18350,10500.00
18354,10500.00
18358,10500.00
18362,10500.00
18366,9750.00
18370,10500.00
18374,10500.00
18378,9750.00
18382,10500.00
18386,10500.00
18390,9750.00
18394,10500.00
18398,10500.00
18402,9750.00
18406,10500.00
18410,9750.00
18414,10500.00
18418,10500.00
18422,9750.00
18426,10500.00
18430,9750.00
18434,10500.00
18438,9750.00
18442,10500.00
18446,9750.00
18450,10500.00
18454,9750.00
18458,10500.00
18462,9750.00
18466,10500.00
18470,9750.00
18474,10500.00
18478,9750.00
18482,10500.00
18486,9750.00
18490,10500.00
18494,9750.00
18498,10500.00
18502,9750.00
18506,9750.00
18510,10500.00
18514,10500.00
18518,9750.00
18522,10500.00
18526,9750.00
18530,9750.00
18534,9750.00
18538,10500.00
18542,9750.00
18546,9750.00
18550,9750.00
18554,9750.00
18558,10500.00
18562,9750.00
18566,9750.00
18570,9750.00
18574,9750.00
18578,9750.00
18582,10500.00
18586,9750.00
18590,9750.00
18594,9750.00
18598,9750.00
18602,9750.00
18606,10500.00
18610,9750.00
18614,9750.00
18618,9750.00
18622,9750.00
18626,9750.00
18630,9750.00
18634,9750.00
18638,9750.00
18642,10500.00
18646,9750.00
18650,9750.00
18654,9750.00
18658,9750.00
18662,9750.00
18666,9750.00
18670,9750.00
18674,9750.00
18678,9750.00
18682,9750.00
18686,9750.00
18690,9750.00
18694,9750.00
18698,9750.00
18702,9750.00
18706,9750.00
18710,9750.00
18714,9750.00
18718,9750.00
18722,9750.00
18726,9750.00
18730,9750.00
18734,9750.00
18738,9750.00
18742,9750.00
18746,9750.00
18750,9750.00
18754,9750.00
18758,9750.00
18762,9750.00
18766,9750.00
18770,9750.00
18774,9750.00
18778,9750.00
18782,9750.00
18786,9750.00
18790,9750.00
18794,9750.00
18798,9000.00
18802,10500.00
18806,9000.00
18810,9750.00
18814,9750.00
18818,9750.00
18822,9750.00
18826,9750.00
18830,9750.00
18834,9750.00
18838,9750.00
18842,9000.00
18846,9750.00
18850,9750.00
18854,9750.00
18858,9750.00
18862,9750.00
18866,9750.00
18870,9750.00
18874,9000.00
18878,9750.00
18882,9750.00
18886,9750.00
18890,9750.00
18894,9750.00
18898,9750.00
18902,9000.00
18906,9750.00
18910,9750.00
18914,9750.00
18918,9750.00
18922,9750.00
18926,9000.00
18930,9750.00
18934,9750.00
18938,9750.00
18942,9750.00
18946,9000.00
18950,9750.00
18954,9750.00
18958,9750.00
18962,9750.00
18966,9000.00
18970,9750.00
18974,9750.00
18978,9750.00
18982,9750.00
18986,9000.00
18990,9750.00
18994,9750.00
18998,9750.00
19002,9750.00
19006,9000.00
19010,9750.00
19014,9750.00
19018,9750.00
19022,9000.00
19026,9750.00
19030,9750.00
19034,9750.00
19038,9000.00
19042,9750.00
19046,9750.00
19050,9750.00
19054,9000.00
19058,9750.00
19062,9750.00
19066,9750.00
19070,9000.00
19074,9750.00
19078,9750.00
19082,9750.00
19086,9000.00
19090,9750.00
19094,9750.00
19098,9750.00
19102,9000.00
19106,9750.00
19110,9750.00
19114,9750.00
19118,9000.00
19122,9750.00
19126,9750.00
19130,9000.00
19134,9750.00
19138,9750.00
19142,9000.00
19146,9750.00
19150,9750.00
19154,9750.00
19158,9000.00
19162,9750.00
19166,9750.00
19170,9750.00
19174,9000.00
19178,9750.00
19182,9750.00
19186,9000.00
19190,9750.00
19194,9750.00
19198,9000.00
19202,9750.00
19206,9750.00
19210,9750.00
19214,9000.00
19218,9750.00
19222,9750.00
19226,9000.00
19230,9750.00
19234,9750.00
19238,9000.00
19242,9750.00
19246,9750.00
19250,9000.00
19254,9750.00
19258,9750.00
19262,9000.00
19266,9750.00
19270,9750.00
19274,9000.00
19278,9750.00
19282,9750.00
19286,9000.00
19290,9750.00
19294,9750.00
19298,9000.00
19302,9750.00
19306,9750.00
19310,9000.00
19314,9750.00
19318,9750.00
19322,9000.00
19326,9750.00
19330,9750.00
19334,9000.00
19338,9750.00
19342,9750.00
19346,9000.00
19350,9750.00
19354,9750.00
19358,9000.00
19362,9750.00
19366,9750.00
19370,9000.00
19374,9750.00
19378,9750.00
19382,9000.00
19386,9750.00
19390,9750.00
19394,9000.00
19398,9750.00
19402,9750.00
19406,9000.00
19410,9750.00
19414,9000.00
19418,9750.00
19422,9750.00
19426,9000.00
19430,9750.00
19434,9750.00
19438,9000.00
19442,9750.00
19446,9750.00
19450,9000.00
19454,9750.00
19458,9750.00
19462,9000.00
19466,9750.00
19470,9750.00
19474,9000.00
19478,9750.00
19482,9750.00
19486,9000.00
19490,9750.00
19494,9750.00
19498,9000.00
19502,9750.00
19506,9750.00
19510,9000.00
19514,9750.00
19518,9750.00
19522,9000.00
19526,9750.00
19530,9000.00
19534,9750.00
19538,9750.00
19542,9000.00
19546,9750.00
19550,9750.00
19554,9000.00
19558,9750.00
19562,9750.00
19566,9000.00
19570,9750.00
19574,9750.00
19578,9000.00
19582,9750.00
19586,9000.00
19590,9750.00
19594,9750.00
19598,9000.00
19602,9750.00
19606,9750.00
19610,9000.00
19614,9750.00
19618,9750.00
19622,9000.00
19626,9750.00
19630,9750.00
19634,9000.00
19638,9750.00
19642,9750.00
19646,9000.00
19650,9750.00
19654,9000.00
19658,9750.00
19662,9750.00
19666,9000.00
19670,9750.00
19674,9750.00
19678,9000.00
19682,9750.00
19686,9750.00
19690,9000.00
19694,9750.00
19698,9750.00
19702,9000.00
19706,9750.00
19710,9750.00
19714,9000.00
19718,9750.00
19722,9750.00
19726,9000.00
19730,9750.00
19734,9750.00
19738,9000.00
19742,9750.00
19746,9750.00
19750,9000.00
19754,9750.00
19758,9750.00
19762,9000.00
19766,9750.00
19770,9000.00
19774,9750.00
19778,9750.00
19782,9000.00
19786,9750.00
19790,9750.00
19794,9000.00
19798,9750.00
19802,9750.00
19806,9000.00
19810,9750.00
19814,9750.00
19818,9000.00
19822,9750.00
19826,9750.00
19830,9000.00
19834,9750.00
19838,9750.00
19842,9000.00
19846,9750.00
19850,9000.00
19854,9750.00
19858,9750.00
19862,9000.00
19866,9750.00
19870,9750.00
19874,9000.00
19878,9750.00
19882,9750.00
19886,9000.00
19890,9750.00
19894,9750.00
19898,9000.00
19902,9750.00
19906,9000.00
19910,9750.00
19914,9750.00
19918,9000.00
19922,9750.00
19926,9750.00
19930,9000.00
19934,9750.00
19938,9750.00
19942,9000.00
19946,9750.00
19950,9750.00
19954,9000.00
19958,9750.00
19962,9750.00
19966,9000.00
19970,9750.00
19974,9750.00
19978,9000.00
19982,9750.00
19986,9750.00
19990,9000.00
19994,9750.00
19998,9000.00
20002,9750.00
20006,9750.00
20010,9000.00
20014,9750.00
20018,9750.00
20022,9000.00
20026,9750.00
20030,9000.00
20034,9000.00
20038,9750.00
20042,9000.00
20046,9750.00
20050,9000.00
20054,9000.00
20058,9750.00
20062,9000.00
20066,9000.00
20070,9000.00
20074,9000.00
20078,9750.00
20082,9000.00
20086,9000.00
20090,9000.00
20094,9000.00
20098,9000.00
20102,9000.00
20106,9000.00
20110,9000.00
20114,9000.00
20118,8250.00
20122,9000.00
20126,9000.00
20130,9000.00
20134,9000.00
20138,8250.00
20142,9000.00
20146,9000.00
20150,9000.00
20154,8250.00
20158,9000.00
20162,8250.00
20166,9000.00
20170,9000.00
20174,8250.00
20178,9000.00
20182,8250.00
20186,9000.00
20190,8250.00
20194,8250.00
20198,9000.00
20202,8250.00
20206,9000.00
20210,8250.00
20214,8250.00
20218,8250.00
20222,9000.00
20226,8250.00
20230,8250.00
20234,8250.00
20238,8250.00
20242,9000.00
20246,8250.00
20250,8250.00
20254,8250.00
20258,8250.00
20262,8250.00
20266,8250.00
20270,8250.00
20274,8250.00
20278,8250.00
20282,8250.00
20286,8250.00
20290,8250.00
20294,8250.00
20298,8250.00
20302,8250.00
20306,8250.00
20310,7500.00
20314,8250.00
20318,8250.00
20322,8250.00
20326,7500.00
20330,8250.00
20334,8250.00
20338,8250.00
20342,7500.00
20346,8250.00
20350,8250.00
20354,7500.00
20358,8250.00
20362,7500.00
20366,8250.00
20370,7500.00
20374,8250.00
20378,7500.00
20382,8250.00
20386,7500.00
20390,8250.00
20394,7500.00
20398,8250.00
20402,7500.00
20406,8250.00
20410,7500.00
20414,7500.00
20418,8250.00
20422,7500.00
20426,7500.00
20430,8250.00
20434,7500.00
20438,7500.00
20442,8250.00
20446,7500.00
20450,7500.00
20454,7500.00
20458,8250.00
20462,7500.00
20466,7500.00
20470,7500.00
20474,8250.00
20478,7500.00
20482,7500.00
20486,7500.00
20490,7500.00
20494,7500.00
20498,7500.00
20502,7500.00
20506,8250.00
20510,7500.00
20514,7500.00
20518,7500.00
20522,7500.00
20526,7500.00
20530,7500.00
20534,7500.00
20538,7500.00
20542,7500.00
20546,7500.00
20550,7500.00
20554,7500.00
20558,7500.00
20562,7500.00
20566,7500.00
20570,7500.00
20574,6750.00
20578,7500.00
20582,7500.00
20586,7500.00
20590,7500.00
20594,7500.00
20598,7500.00
20602,7500.00
20606,6750.00
20610,7500.00
20614,7500.00
20618,7500.00
20622,7500.00
20626,6750.00
20630,7500.00
20634,7500.00
20638,7500.00
20642,6750.00
20646,7500.00
20650,7500.00
20654,7500.00
20658,6750.00
20662,7500.00
20666,7500.00
20670,6750.00
20674,7500.00
20678,7500.00
20682,6750.00
20686,7500.00
20690,7500.00
20694,6750.00
20698,7500.00
20702,7500.00
20706,6750.00
20710,7500.00
20714,6750.00
20718,7500.00
20722,7500.00
20726,6750.00
20730,7500.00
20734,6750.00
20738,7500.00
20742,6750.00
20746,6750.00
20750,7500.00
20754,6750.00
20758,7500.00
20762,6750.00
20766,6750.00
20770,7500.00
20774,6750.00
20778,6750.00
20782,6750.00
20786,6750.00
20790,7500.00
20794,6750.00
20798,6750.00
20802,6750.00
20806,6750.00
20810,6750.00
20814,6750.00
20818,6750.00
20822,6750.00
20826,6750.00
20830,6750.00
20834,6750.00
20838,6000.00
20842,6750.00
20846,6750.00
20850,6750.00
20854,6750.00
20858,6000.00
20862,6750.00
20866,6750.00
20870,6750.00
20874,6000.00
20878,6750.00
20882,6000.00
20886,6750.00
20890,6000.00
20894,6750.00
20898,6750.00
20902,6000.00
20906,6000.00
20910,6750.00
20914,6000.00
20918,6750.00
20922,6000.00
20926,6000.00
20930,6000.00
20934,6750.00
20938,6000.00
20942,6000.00
20946,6000.00
20950,6750.00
20954,6000.00
20958,6000.00
20962,6000.00
20966,6000.00
20970,6000.00
20974,6000.00
20978,6000.00
20982,6750.00
20986,5250.00
20990,6000.00
20994,6750.00
20998,5250.00
21002,6000.00
21006,6000.00
21010,6000.00
21014,6000.00
21018,6000.00
21022,6000.00
21026,6000.00
21030,6000.00
21034,6000.00
21038,6000.00
21042,6000.00
21046,5250.00
21050,6000.00
21054,6000.00
21058,6000.00
21062,6000.00
21066,5250.00
21070,6000.00
21074,6000.00
21078,6000.00
21082,5250.00
21086,6000.00
21090,6000.00
21094,5250.00
21098,6000.00
21102,6000.00
21106,5250.00
21110,6000.00
21114,6000.00
21118,5250.00
21122,6000.00
21126,5250.00
21130,6000.00
21134,5250.00
21138,6000.00
21142,5250.00
21146,6000.00
21150,5250.00
21154,6000.00
21158,5250.00
21162,6000.00
21166,5250.00
21170,6000.00
21174,5250.00
21178,5250.00
21182,6000.00
21186,5250.00
21190,5250.00
21194,6000.00
21198,5250.00
21202,5250.00
21206,6000.00
21210,5250.00
21214,5250.00
21218,5250.00
21222,5250.00
21226,6000.00
21230,5250.00
21234,5250.00
21238,5250.00
21242,5250.00
21246,5250.00
21250,5250.00
21254,6000.00
21258,5250.00
21262,5250.00
21266,5250.00
21270,5250.00
21274,5250.00
21278,5250.00
21282,5250.00
21286,5250.00
21290,5250.00
21294,5250.00
21298,4500.00
21302,6000.00
21306,4500.00
21310,5250.00
21314,5250.00
21318,5250.00
21322,5250.00
21326,5250.00
21330,4500.00
21334,5250.00
21338,5250.00
21342,5250.00
21346,5250.00
21350,4500.00
21354,5250.00
21358,5250.00
21362,4500.00
21366,5250.00
21370,5250.00
21374,5250.00
21378,4500.00
21382,5250.00
21386,5250.00
21390,4500.00
21394,5250.00
21398,5250.00
21402,4500.00
21406,5250.00
21410,4500.00
21414,5250.00
21418,5250.00
21422,4500.00
21426,5250.00
21430,5250.00
21434,4500.00
21438,5250.00
21442,5250.00
21446,5250.00
21450,4500.00
21454,5250.00
21458,5250.00
21462,4500.00
21466,5250.00
21470,5250.00
21474,4500.00
21478,5250.00
21482,5250.00
21486,4500.00
21490,5250.00
21494,5250.00
21498,5250.00
21502,4500.00
21506,5250.00
21510,5250.00
21514,4500.00
21518,5250.00
21522,5250.00
21526,4500.00
21530,5250.00
21534,5250.00
21538,5250.00
21542,5250.00
21546,4500.00
21550,5250.00
21554,5250.00
21558,5250.00
21562,5250.00
21566,4500.00
21570,5250.00
21574,5250.00
21578,5250.00
21582,5250.00
21586,5250.00
21590,4500.00
21594,5250.00
21598,5250.00
21602,5250.00
21606,5250.00
21610,5250.00
21614,5250.00
21618,4500.00
21622,5250.00
21626,5250.00
21630,5250.00
21634,5250.00
21638,5250.00
21642,5250.00
21646,5250.00
21650,5250.00
21654,5250.00
21658,5250.00
21662,5250.00
21666,5250.00
21670,5250.00
21674,5250.00
21678,5250.00
21682,5250.00
21686,5250.00
21690,5250.00
21694,5250.00
21698,4500.00
21702,6000.00
21706,5250.00
21710,4500.00
21714,6000.00
21718,5250.00
21722,5250.00
21726,5250.00
21730,5250.00
21734,5250.00
21738,5250.00
21742,5250.00
21746,5250.00
21750,5250.00
21754,5250.00
21758,5250.00
21762,5250.00
21766,5250.00
21770,5250.00
21774,5250.00
21778,5250.00
21782,5250.00
21786,5250.00
21790,5250.00
21794,5250.00
21798,5250.00
21802,5250.00
21806,6000.00
21810,5250.00
21814,5250.00
21818,5250.00
21822,5250.00
21826,5250.00
21830,5250.00
21834,5250.00
21838,5250.00
21842,5250.00
21846,5250.00
21850,6000.00
21854,5250.00
21858,5250.00
21862,5250.00
21866,5250.00
21870,5250.00
21874,5250.00
21878,5250.00
21882,6000.00
21886,5250.00
21890,5250.00
21894,5250.00
21898,5250.00
21902,5250.00
21906,5250.00
21910,6000.00
21914,5250.00
21918,5250.00
21922,5250.00
21926,5250.00
21930,5250.00
21934,5250.00
21938,6000.00
21942,5250.00
21946,5250.00
21950,5250.00
21954,5250.00
21958,5250.00
21962,6000.00
21966,5250.00
21970,5250.00
21974,5250.00
21978,5250.00
21982,5250.00
21986,6000.00
21990,5250.00
21994,5250.00
21998,5250.00
22002,5250.00
22006,5250.00
22010,6000.00
22014,5250.00
22018,5250.00
22022,5250.00
22026,5250.00
22030,5250.00
22034,5250.00
22038,4500.00
22042,5250.00
22046,5250.00
22050,5250.00
22054,5250.00
22058,4500.00
22062,5250.00
22066,5250.00
22070,4500.00
22074,5250.00
22078,5250.00
22082,4500.00
22086,5250.00
22090,4500.00
22094,5250.00
22098,4500.00
22102,5250.00
22106,4500.00
22110,4500.00
22114,5250.00
22118,4500.00
22122,4500.00
22126,4500.00
22130,5250.00
22134,4500.00
22138,4500.00
22142,4500.00
22146,4500.00
22150,4500.00
22154,4500.00
22158,4500.00
22162,4500.00
22166,4500.00
22170,4500.00
22174,4500.00
22178,4500.00
22182,4500.00
22186,3750.00
22190,4500.00
22194,4500.00
22198,4500.00
22202,3750.00
22206,4500.00
22210,4500.00
22214,3750.00
22218,4500.00
22222,4500.00
22226,3750.00
22230,4500.00
22234,3750.00
22238,4500.00
22242,3750.00
22246,4500.00
22250,3750.00
22254,3750.00
22258,4500.00
22262,3750.00
22266,3750.00
22270,4500.00
22274,3750.00
22278,3750.00
22282,3750.00
22286,4500.00
22290,3750.00
22294,3750.00
22298,3750.00
22302,3750.00
22306,3750.00
22310,3750.00
22314,3750.00
22318,3750.00
22322,3750.00
22326,3750.00
22330,3750.00
22334,3750.00
22338,3750.00
22342,3750.00
22346,3750.00
22350,3000.00
22354,3750.00
22358,3750.00
22362,3750.00
22366,3000.00
22370,3750.00
22374,3750.00
22378,3000.00
22382,3750.00
22386,3750.00
22390,3000.00
22394,3750.00
22398,3000.00
22402,3750.00
22406,3000.00
22410,3750.00
22414,3000.00
22418,3750.00
22422,3000.00
22426,3750.00
22430,3000.00
22434,3750.00
22438,3000.00
22442,3000.00
22446,3000.00
22450,3750.00
22454,3000.00
22458,3000.00
22462,3000.00
22466,3750.00
22470,3000.00
22474,3000.00
22478,3000.00
22482,3000.00
22486,3000.00
22490,3750.00
22494,3000.00
22498,3000.00
22502,3000.00
22506,3000.00
22510,3000.00
22514,3000.00
22518,3000.00
22522,2250.00
22526,3000.00
22530,3000.00
22534,3000.00
22538,3000.00
22542,3000.00
22546,3000.00
22550,3000.00
22554,2250.00
22558,3000.00
22562,3000.00
22566,2250.00
22570,3000.00
22574,3000.00
22578,3000.00
22582,2250.00
22586,3000.00
22590,2250.00
22594,3000.00
22598,3000.00
22602,2250.00
22606,3000.00
22610,2250.00
22614,3000.00
22618,2250.00
22622,3000.00
22626,2250.00
22630,3000.00
22634,2250.00
22638,3000.00
22642,2250.00
22646,2250.00
22650,3000.00
22654,2250.00
22658,2250.00
22662,3000.00
22666,2250.00
22670,2250.00
22674,2250.00
22678,3000.00
22682,2250.00
22686,2250.00
22690,2250.00
22694,3000.00
22698,2250.00
22702,2250.00
22706,2250.00
22710,2250.00
22714,2250.00
22718,2250.00
22722,2250.00
22726,2250.00
22730,2250.00
22734,3000.00
22738,2250.00
22742,2250.00
22746,2250.00
22750,1500.00
22754,2250.00
22758,2250.00
22762,2250.00
22766,2250.00
22770,2250.00
22774,2250.00
22778,2250.00
22782,2250.00
22786,1500.00
22790,2250.00
22794,2250.00
22798,2250.00
22802,2250.00
22806,1500.00
22810,2250.00
22814,2250.00
22818,2250.00
22822,1500.00
22826,2250.00
22830,2250.00
22834,1500.00
22838,2250.00
22842,2250.00
22846,1500.00
22850,2250.00
22854,2250.00
22858,1500.00
22862,2250.00
22866,1500.00
22870,2250.00
22874,1500.00
22878,2250.00
22882,1500.00
22886,2250.00
22890,1500.00
22894,2250.00
22898,1500.00
22902,1500.00
22906,2250.00
22910,1500.00
22914,2250.00
22918,1500.00
22922,2250.00
22926,1500.00
22930,1500.00
22934,1500.00
22938,2250.00
22942,1500.00
22946,1500.00
22950,2250.00
22954,1500.00
22958,1500.00
22962,2250.00
22966,1500.00
22970,1500.00
22974,1500.00
22978,1500.00
22982,2250.00
22986,1500.00
22990,1500.00
22994,1500.00
22998,1500.00
23002,1500.00
23006,1500.00
23010,2250.00
23014,1500.00
23018,1500.00
23022,1500.00
23026,1500.00
23030,1500.00
23034,1500.00
23038,1500.00
23042,1500.00
23046,1500.00
23050,1500.00
23054,1500.00
23058,1500.00
23062,1500.00
23066,1500.00
23070,1500.00
23074,1500.00
23078,1500.00
23082,1500.00
23086,1500.00
23090,750.00
23094,1500.00
23098,1500.00
23102,1500.00
23106,1500.00
23110,1500.00
23114,1500.00
23118,1500.00
23122,750.00
23126,1500.00
23130,1500.00
23134,1500.00
23138,750.00
23142,1500.00
23146,1500.00
23150,1500.00
23154,1500.00
23158,750.00
23162,1500.00
23166,1500.00
23170,750.00
23174,1500.00
23178,1500.00
23182,750.00
23186,1500.00
23190,1500.00
23194,750.00
23198,1500.00
23202,1500.00
23206,750.00
23210,1500.00
23214,750.00
23218,1500.00
23222,1500.00
23226,750.00
23230,1500.00
23234,750.00
23238,1500.00
23242,750.00
23246,1500.00
23250,1500.00
23254,750.00
23258,1500.00
23262,750.00
23266,1500.00
23270,750.00
23274,1500.00
23278,750.00
23282,750.00
23286,1500.00
23290,750.00
23294,1500.00
23298,750.00
23302,1500.00
23306,750.00
23310,1500.00
23314,750.00
23318,1500.00
23322,750.00
23326,750.00
23330,1500.00
23334,750.00
23338,750.00
23342,1500.00
23346,750.00
23350,750.00
23354,1500.00
23358,750.00
23362,1500.00
23366,750.00
23370,750.00
23374,1500.00
23378,750.00
23382,750.00
23386,750.00
23390,1500.00
23394,750.00
23398,750.00
23402,750.00
23406,1500.00
23410,750.00
23414,750.00
23418,750.00
23422,1500.00
23426,750.00
23430,750.00
23434,750.00
23438,1500.00
23442,750.00
23446,750.00
23450,750.00
23454,750.00
23458,1500.00
23462,750.00
23466,750.00
23470,750.00
23474,750.00
23478,750.00
23482,1500.00
23486,750.00
23490,750.00
23494,750.00
23498,750.00
23502,750.00
23506,750.00
23510,1500.00
23514,750.00
23518,750.00
23522,750.00
23526,750.00
23530,750.00
23534,750.00
23538,750.00
23542,750.00
23546,750.00
23550,750.00
23554,750.00
23558,750.00
23562,1500.00
23566,750.00
23570,750.00
23574,750.00
23578,750.00
23582,750.00
23586,750.00
23590,750.00
23594,750.00
23598,750.00
23602,750.00
23606,750.00
23610,750.00
23614,750.00
23618,750.00
23622,750.00
23626,750.00
23630,750.00
23634,750.00
23638,750.00
23642,750.00
23646,750.00
23650,750.00
23654,0.00
23658,750.00
23662,750.00
23666,750.00
23670,750.00
23674,750.00
23678,750.00
23682,750.00
23686,750.00
23690,750.00
23694,750.00
23698,750.00
23702,750.00
23706,0.00
23710,750.00
23714,750.00
23718,750.00
23722,750.00
23726,750.00
23730,750.00
23734,750.00
23738,750.00
23742,750.00
23746,0.00
23750,750.00
23754,750.00
23758,750.00
23762,750.00
23766,750.00
23770,750.00
23774,0.00
23778,750.00
23782,750.00
23786,750.00
23790,750.00
23794,750.00
23798,0.00
23802,750.00
23806,750.00
23810,750.00
23814,750.00
23818,750.00
23822,0.00
23826,750.00
23830,750.00
23834,750.00
23838,750.00
23842,750.00
23846,0.00
23850,750.00
23854,750.00
23858,750.00
23862,0.00
23866,750.00
23870,750.00
23874,750.00
23878,750.00
23882,0.00
23886,750.00
23890,750.00
23894,750.00
23898,0.00
23902,750.00
23906,750.00
23910,750.00
23914,750.00
23918,0.00
23922,750.00
23926,750.00
23930,750.00
23934,0.00
23938,750.00
23942,750.00
23946,750.00
23950,750.00
23954,0.00
23958,750.00
23962,1500.00
23966,0.00
23970,750.00
23974,750.00
23978,750.00
23982,0.00
23986,750.00
23990,750.00
23994,0.00
23998,750.00
24002,750.00
